place;country;date
Osowa;pl;20120104
Matarnia;pl;20120104
Osowa;pl;20120106
Matarnia;pl;20120106
Osowa;pl;20120107
Matarnia;pl;20120107
Osowa;pl;20120108
Matarnia;pl;20120108
Gdañsk;pl;20120111
Matarnia;pl;20120113
Osowa;pl;20120113
Osowa;pl;20120222
Matarnia;pl;20120222
Osowa;pl;20120223
Matarnia;pl;20120223
Gdañsk;pl;20120224
Gdañsk;pl;20120227
Matarnia;pl;20120229
Osowa;pl;20120229
Matarnia;pl;20120301
Osowa;pl;20120301
Matarnia;pl;20120302
Osowa;pl;20120302
Gdañsk;pl;20120304
Matarnia;pl;20120305
Osowa;pl;20120307
Matarnia;pl;20120307
Osowa;pl;20120309
Matarnia;pl;20120309
Osowa;pl;20120310
Matarnia;pl;20120310
Osowa;pl;20120311
Matarnia;pl;20120311
Matarnia;pl;20120312
Osowa;pl;20120312
Osowa;pl;20120313
Gdynia;pl;20120313
Osowa;pl;20120315
Barniewice;pl;20120315
Rêbiechowo;pl;20120315
Matarnia;pl;20120315
Tczew;pl;20120317
KrzyweKo³o;pl;20120317
SuchyD±b;pl;20120317
Krêpiec;pl;20120317
Gdañsk;pl;20120317
Osowa;pl;20120318
Matarnia;pl;20120318
Banino;pl;20120318
Miszewo;pl;20120318
Chwaszczyno;pl;20120318
Gdañsk;pl;20120319
Matarnia;pl;20120321
Sulmin;pl;20120321
Matarnia;pl;20120322
Rêbiechowo;pl;20120322
Barniewice;pl;20120322
Osowa;pl;20120322
Gdañsk;pl;20120324
Gdañsk;pl;20120325
Gdañsk;pl;20120327
Matarnia;pl;20120327
Osowa;pl;20120327
Gdynia;pl;20120328
Osowa;pl;20120328
Matarnia;pl;20120328
Gdañsk;pl;20120330
Gdañsk;pl;20120402
Gdynia;pl;20120403
Matarnia;pl;20120403
Osowa;pl;20120403
Osowa;pl;20120405
Matarnia;pl;20120405
Gdañsk;pl;20120406
Matarnia;pl;20120406
Osowa;pl;20120406
Matarnia;pl;20120409
Osowa;pl;20120409
Banino;pl;20120409
Barniewice;pl;20120409
Gdañsk;pl;20120410
Osowa;pl;20120412
Matarnia;pl;20120412
Matarnia;pl;20120414
Osowa;pl;20120414
Banino;pl;20120414
Barniewice;pl;20120414
Matarnia;pl;20120415
Osowa;pl;20120415
Matarnia;pl;20120417
Osowa;pl;20120417
Matarnia;pl;20120418
Osowa;pl;20120418
Matarnia;pl;20120422
Osowa;pl;20120422
Sopot;pl;20120423
Matarnia;pl;20120424
Osowa;pl;20120424
Matarnia;pl;20120426
Rêbiechowo;pl;20120426
Barniewice;pl;20120426
Osowa;pl;20120426
Kwidzyn;pl;20120428
Gardeja;pl;20120428
Szembruk;pl;20120428
Nogat;pl;20120428
£asin;pl;20120428
Gocza³ki;pl;20120428
£±korz;pl;20120428
Zbiczno;pl;20120428
Grzmiêca;pl;20120428
Jajkowo;pl;20120428
Jajkowo;pl;20120430
Samp³awa;pl;20120430
I³awa;pl;20120430
Matarnia;pl;20120506
Osowa;pl;20120506
Matarnia;pl;20120507
Rêbiechowo;pl;20120507
Barniewice;pl;20120507
Osowa;pl;20120507
Matarnia;pl;20120508
Osowa;pl;20120508
Osowa;pl;20120509
Barniewice;pl;20120509
Banino;pl;20120509
Pêpowo;pl;20120509
Gdynia;pl;20120510
Osowa;pl;20120510
Matarnia;pl;20120513
Osowa;pl;20120513
Osowa;pl;20120514
Barniewice;pl;20120514
Banino;pl;20120514
Matarnia;pl;20120515
Osowa;pl;20120515
Gdynia;pl;20120516
Koleczkowo;pl;20120516
Kielno;pl;20120516
Chwaszczyno;pl;20120516
Osowa;pl;20120516
Damnica;pl;20120519
Krzywañ;pl;20120519
SkarszówDolny;pl;20120519
Lubuñ;pl;20120519
¯elkówko;pl;20120519
DêbnicaKaszubska;pl;20120519
Dobieszewo;pl;20120519
Dobra;pl;20120519
Gogolewo;pl;20120519
CzarnaD±brówka;pl;20120519
Cewice;pl;20120519
Lêbork;pl;20120519
Matarnia;pl;20120520
Osowa;pl;20120520
Gdynia;pl;20120522
Osowa;pl;20120522
Matarnia;pl;20120522
Osowa;pl;20120523
Matarnia;pl;20120523
Osowa;pl;20120525
Chwaszczyno;pl;20120525
Kielno;pl;20120525
Koleczkowo;pl;20120525
Wiczlino;pl;20120525
Osowa;pl;20120526
Matarnia;pl;20120526
Le¼no;pl;20120526
Pêpowo;pl;20120526
Banino;pl;20120526
Barniewice;pl;20120526
Osowa;pl;20120527
Chwaszczyno;pl;20120527
Kielno;pl;20120527
Koleczkowo;pl;20120527
Wiczlino;pl;20120527
Osowa;pl;20120528
Matarnia;pl;20120528
Matarnia;pl;20120530
Osowa;pl;20120530
Osowa;pl;20120531
Matarnia;pl;20120531
Sopot;pl;20120603
Gdañsk;pl;20120603
Osowa;pl;20120604
Banino;pl;20120604
Pêpowo;pl;20120604
Osowa;pl;20120606
Banino;pl;20120606
Osowa;pl;20120607
Chwaszczyno;pl;20120607
Kielno;pl;20120607
Koleczkowo;pl;20120607
Wiczlino;pl;20120607
Osowa;pl;20120610
Chwaszczyno;pl;20120610
Kielno;pl;20120610
Kamieñ;pl;20120610
Osowa;pl;20120611
Matarnia;pl;20120611
Le¼no;pl;20120611
Pêpowo;pl;20120611
Banino;pl;20120611
Barniewice;pl;20120611
Osowa;pl;20120613
Chwaszczyno;pl;20120613
Kielno;pl;20120613
Koleczkowo;pl;20120613
Wiczlino;pl;20120613
Osowa;pl;20120614
Matarnia;pl;20120614
Wiczlino;pl;20120616
Koleczkowo;pl;20120616
Kielno;pl;20120616
Chwaszczyno;pl;20120616
Osowa;pl;20120616
Wiczlino;pl;20120617
Koleczkowo;pl;20120617
Bieszkowice;pl;20120617
Gdañsk;pl;20120618
Osowa;pl;20120619
Matarnia;pl;20120619
Gdañsk;pl;20120619
Sopot;pl;20120620
Osowa;pl;20120623
Barniewice;pl;20120623
Banino;pl;20120623
Pêpowo;pl;20120623
Le¼no;pl;20120623
Matarnia;pl;20120623
Wiczlino;pl;20120624
Koleczkowo;pl;20120624
Chwaszczyno;pl;20120624
Gdynia;pl;20120627
Osowa;pl;20120627
Matarnia;pl;20120627
Matarnia;pl;20120628
Osowa;pl;20120628
Osowa;pl;20120630
Chwaszczyno;pl;20120630
Bojano;pl;20120630
Wiczlino;pl;20120630
Osowa;pl;20120701
Matarnia;pl;20120701
Matarnia;pl;20120704
Osowa;pl;20120704
Matarnia;pl;20120705
Osowa;pl;20120705
Matarnia;pl;20120706
Rêbiechowo;pl;20120706
Barniewice;pl;20120706
Osowa;pl;20120706
Osowa;pl;20120707
Chwaszczyno;pl;20120707
Kielno;pl;20120707
Wiczlino;pl;20120707
Osowa;pl;20120709
Barniewice;pl;20120709
Rêbiechowo;pl;20120709
Osowa;pl;20120710
Matarnia;pl;20120710
Osowa;pl;20120710
Gdynia;pl;20120711
Osowa;pl;20120711
Osowa;pl;20120713
Matarnia;pl;20120713
Rêbiechowo;pl;20120713
Barniewice;pl;20120713
Matarnia;pl;20120714
Osowa;pl;20120714
Matarnia;pl;20120716
Osowa;pl;20120716
Gdañsk;pl;20120717
Cavigliano;CH;20120723
Golino;CH;20120723
Arcegno;CH;20120723
Croasca;CH;20120723
Cavigliano;CH;20120724
Rompai;CH;20120724
Maggia;CH;20120724
Pisola;CH;20120724
Cevio;CH;20120724
Cavigliano;CH;20120725
Locarno;CH;20120725
Progero;CH;20120725
Cavigliano;CH;20120726
Rompai;CH;20120726
Maggia;CH;20120726
Pisola;CH;20120726
Cavigliano;CH;20120727
Intragna;CH;20120727
Camedo;CH;20120727
Intragna;IT;20120727
Re;IT;20120727
Matarnia;pl;20120731
Osowa;pl;20120731
Matarnia;pl;20120801
Barniewice;pl;20120801
Osowa;pl;20120801
Osowa;pl;20120802
Barniewice;pl;20120802
Pêpowo;pl;20120802
Banino;pl;20120802
Matarnia;pl;20120803
Osowa;pl;20120803
Chwaszczyno;pl;20120804
Bojano;pl;20120804
Koleczkowo;pl;20120804
Wiczlino;pl;20120804
Osowa;pl;20120806
Matarnia;pl;20120806
Matarnia;pl;20120808
Osowa;pl;20120808
Matarnia;pl;20120809
Osowa;pl;20120809
Barniewice;pl;20120811
Miszewo;pl;20120811
Czeczewo;pl;20120811
Chmielno;pl;20120811
BrodnicaDolna;pl;20120811
BrodnicaDolna;pl;20120812
Chmielno;pl;20120812
StryszaBuda;pl;20120812
Mirachowo;pl;20120812
Strzepcz;pl;20120812
£ebno;pl;20120812
Czeczewo;pl;20120812
Miszewo;pl;20120812
Barniewice;pl;20120812
Osowa;pl;20120813
Matarnia;pl;20120813
Gdañsk;pl;20120814
Osowa;pl;20120817
Barniewice;pl;20120817
Pêpowo;pl;20120817
Banino;pl;20120817
Osowa;pl;20120818
Barniewice;pl;20120818
Pêpowo;pl;20120818
Miszewo;pl;20120818
Przodkowo;pl;20120818
Osowa;pl;20120819
Barniewice;pl;20120819
Pêpowo;pl;20120819
Miszewo;pl;20120819
Przodkowo;pl;20120819
¦winouj¶cie;pl;20120821
Ahlbeck;DE;20120821
Uckentz;DE;20120821
Pudagla;DE;20120821
Benz;DE;20120821
¦winouj¶cie;pl;20120822
¦winouj¶cie;pl;20120823
Ahlbeck;DE;20120823
Koserow;DE;20120823
Peenemunde;DE;20120823
Osowa;pl;20120825
Chwaszczyno;pl;20120825
Kielno;pl;20120825
Koleczkowo;pl;20120825
Wiczlino;pl;20120825
Osowa;pl;20120826
Matarnia;pl;20120826
Sopot;pl;20120828
Matarnia;pl;20120829
Osowa;pl;20120829
Sopot;pl;20120831
Gdañsk;pl;20120831
Matarnia;pl;20120901
Rêbiechowo;pl;20120901
Barniewice;pl;20120901
Osowa;pl;20120901
Osowa;pl;20120902
Barniewice;pl;20120902
Banino;pl;20120902
Pêpowo;pl;20120902
¯ukowo;pl;20120902
Matarnia;pl;20120903
Osowa;pl;20120903
Gdynia;pl;20120904
Wiczlino;pl;20120904
Gdynia;pl;20120906
Matarnia;pl;20120909
Le¼no;pl;20120909
Pêpowo;pl;20120909
Barniewice;pl;20120909
Osowa;pl;20120909
Osowa;pl;20120911
Barniewice;pl;20120911
Banino;pl;20120911
Osowa;pl;20120912
Matarnia;pl;20120912
Matarnia;pl;20120914
Osowa;pl;20120914
Osowa;pl;20120915
Matarnia;pl;20120915
Osowa;pl;20120916
Chwaszczyno;pl;20120916
Kielno;pl;20120916
Koleczkowo;pl;20120916
Wiczlino;pl;20120916
Osowa;pl;20120917
Bieszkowice;pl;20120917
Banino;pl;20120917
Matarnia;pl;20120920
Rêbiechowo;pl;20120920
Bieszkowice;pl;20120920
Osowa;pl;20120920
Gdañsk;pl;20120921
Osowa;pl;20120922
Matarnia;pl;20120922
Matarnia;pl;20120924
Rêbiechowo;pl;20120924
Bieszkowice;pl;20120924
Osowa;pl;20120924
Gdynia;pl;20120925
Barniewice;pl;20120926
Banino;pl;20120926
Miszewo;pl;20120926
Barniewice;pl;20120928
Rêbiechowo;pl;20120928
Gdañsk;pl;20120930
Barniewice;pl;20121001
Rêbiechowo;pl;20121001
Banino;pl;20121001
Matarnia;pl;20121002
Osowa;pl;20121002
Matarnia;pl;20121003
Osowa;pl;20121003
Matarnia;pl;20121004
Osowa;pl;20121004
Gdynia;pl;20121010
Gdañsk;pl;20121010
Matarnia;pl;20121011
Osowa;pl;20121011
Osowa;pl;20121012
Barniewice;pl;20121012
Banino;pl;20121012
Osowa;pl;20121013
Warzenko;pl;20121013
Chwaszczyno;pl;20121013
Matarnia;pl;20121014
Rêbiechowo;pl;20121014
Barniewice;pl;20121014
Matarnia;pl;20121017
Osowa;pl;20121017
Matarnia;pl;20121018
Osowa;pl;20121018
Osowa;pl;20121021
Banino;pl;20121021
Miszewo;pl;20121021
Chwaszczyno;pl;20121021
Matarnia;pl;20121022
Osowa;pl;20121022
Sopot;pl;20121024
Sopot;pl;20121026
Osowa;pl;20121028
Matarnia;pl;20121028
Banino;pl;20121028
Miszewo;pl;20121028
Przodkowo;pl;20121028
Czeczewo;pl;20121028
Chwaszczyno;pl;20121028
Osowa;pl;20121029
Chwaszczyno;pl;20121029
Kielno;pl;20121029
Koleczkowo;pl;20121029
Wiczlino;pl;20121029
Matarnia;pl;20121031
Osowa;pl;20121031
Matarnia;pl;20121102
Osowa;pl;20121102
Matarnia;pl;20121103
Osowa;pl;20121103
Osowa;pl;20121104
Banino;pl;20121104
Miszewo;pl;20121104
Pêpowo;pl;20121104
Chwaszczyno;pl;20121104
Matarnia;pl;20121106
Osowa;pl;20121106
Matarnia;pl;20121109
Osowa;pl;20121109
Osowa;pl;20121110
Banino;pl;20121110
Miszewo;pl;20121110
Pêpowo;pl;20121110
Chwaszczyno;pl;20121110
Osowa;pl;20121111
Matarnia;pl;20121111
Banino;pl;20121111
Miszewo;pl;20121111
Przodkowo;pl;20121111
Czeczewo;pl;20121111
Chwaszczyno;pl;20121111
Osowa;pl;20121113
Chwaszczyno;pl;20121113
Kielno;pl;20121113
Koleczkowo;pl;20121113
Wiczlino;pl;20121113
Matarnia;pl;20121114
Osowa;pl;20121114
Osowa;pl;20121116
Matarnia;pl;20121116
Osowa;pl;20121118
Matarnia;pl;20121118
Banino;pl;20121118
Miszewo;pl;20121118
Chwaszczyno;pl;20121118
Gdynia;pl;20121118
Osowa;pl;20121119
Warzenko;pl;20121119
Matarnia;pl;20121121
Osowa;pl;20121121
Matarnia;pl;20121123
Osowa;pl;20121123
Osowa;pl;20121125
Matarnia;pl;20121125
Banino;pl;20121125
Miszewo;pl;20121125
Chwaszczyno;pl;20121125
Gdynia;pl;20121125
Matarnia;pl;20121127
Osowa;pl;20121127
Gdañsk;pl;20121220
Gdañsk;pl;20121225
Gdañsk;pl;20121226
Osowa;pl;20121226
Gdañsk;pl;20121228
Gdañsk;pl;20121229
Osowa;pl;20121229
Matarnia;pl;20121229
Gdañsk;pl;20121230
Osowa;pl;20121230
Chawszczyno;pl;20121230
Gdynia;pl;20121230
Osowa;pl;20130102
Matarnia;pl;20130102
Gdañsk;pl;20130103
Osowa;pl;20130104
Chwaszczyno;pl;20130104
Warzenko;pl;20130104
Osowa;pl;20130105
Matarnia;pl;20130105
Rêbiechowo;pl;20130105
Barniewice;pl;20130105
Gdañsk;pl;20130107
Matarnia;pl;20130107
Osowa;pl;20130107
Gdañsk;pl;20130108
Osowa;pl;20130201
Matarnia;pl;20130201
Osowa;pl;20130203
Matarnia;pl;20130203
Gdañsk;pl;20130204
Gdañsk;pl;20130206
Gdañsk;pl;20130207
Gdañsk;pl;20130209
Gdañsk;pl;20130210
Osowa;pl;20130210
Matarnia;pl;20130210
Gdañsk;pl;20130215
Gdañsk;pl;20130216
Gdañsk;pl;20130217
Osowa;pl;20130217
Matarnia;pl;20130217
Osowa;pl;20130303
Matarnia;pl;20130303
Rêbiechowo;pl;20130303
Barniewice;pl;20130303
Gdañsk;pl;20130304
Osowa;pl;20130304
Matarnia;pl;20130304
Osowa;pl;20130305
Matarnia;pl;20130305
Osowa;pl;20130306
Matarnia;pl;20130306
Osowa;pl;20130317
Matarnia;pl;20130317
Osowa;pl;20130318
Matarnia;pl;20130318
Gdañsk;pl;20130327
Osowa;pl;20130327
Matarnia;pl;20130327
Gdañsk;pl;20130328
Osowa;pl;20130328
Chwaszczyno;pl;20130328
Bojano;pl;20130328
Koleczkowo;pl;20130328
Wiczlino;pl;20130328
Gdañsk;pl;20130329
Osowa;pl;20130329
Matarnia;pl;20130329
Gdañsk;pl;20130402
Osowa;pl;20130402
Matarnia;pl;20130402
Gdañsk;pl;20130403
Osowa;pl;20130403
Chwaszczyno;pl;20130403
Bojano;pl;20130403
Koleczkowo;pl;20130403
Wiczlino;pl;20130403
Gdañsk;pl;20130406
Osowa;pl;20130406
Chwaszczyno;pl;20130406
Bojano;pl;20130406
Koleczkowo;pl;20130406
Wiczlino;pl;20130406
Gdañsk;pl;20130407
Osowa;pl;20130407
Chwaszczyno;pl;20130407
Bojano;pl;20130407
Koleczkowo;pl;20130407
Wiczlino;pl;20130407
Gdañsk;pl;20130408
Osowa;pl;20130408
Matarnia;pl;20130408
Gdañsk;pl;20130409
Gdañsk;pl;20130410
Osowa;pl;20130410
Matarnia;pl;20130410
Osowa;pl;20130413
Matarnia;pl;20130413
Osowa;pl;20130414
Chwaszczyno;pl;20130414
Bojano;pl;20130414
Koleczkowo;pl;20130414
Wiczlino;pl;20130414
Osowa;pl;20130415
Matarnia;pl;20130415
Osowa;pl;20130416
Matarnia;pl;20130416
Gdañsk;pl;20130417
Gdañsk;pl;20130418
Matarnia;pl;20130418
Osowa;pl;20130418
Osowa;pl;20130420
Kielno;pl;20130420
Kamieñ;pl;20130420
Szemud;pl;20130420
Osowa;pl;20130421
Banino;pl;20130421
Miszewo;pl;20130421
Chwaszczyno;pl;20130421
Osowa;pl;20130423
Chwaszczyno;pl;20130423
Bojano;pl;20130423
Koleczkowo;pl;20130423
Wiczlino;pl;20130423
Osowa;pl;20130424
Matarnia;pl;20130424
Osowa;pl;20130425
Barniewice;pl;20130425
Banino;pl;20130425
Matarnia;pl;20130425
Osowa;pl;20130425
Matarnia;pl;20130425
Banino;pl;20130425
Miszewo;pl;20130425
Chwaszczyno;pl;20130425
TwardaGóra;pl;20130430
Nowe;pl;20130430
Grudzi±dz;pl;20130430
RadzyñChe³miñski;pl;20130430
Jab³onowo;pl;20130430
Brodnica;pl;20130430
TamaBrodzka;pl;20130430
TamaBrodzka;pl;20130502
Brodnica;pl;20130502
Osiek;pl;20130502
Nowe;pl;20130503
TamaBrodzka;pl;20130503
Brodnica;pl;20130503
Jab³onowo;pl;20130503
RadzyñChe³miñski;pl;20130503
Grudzi±dz;pl;20130503
Warlubie;pl;20130503
Osowa;pl;20130505
Matarnia;pl;20130505
Banino;pl;20130505
Miszewo;pl;20130505
Chwaszczyno;pl;20130505
Osowa;pl;20130506
Matarnia;pl;20130506
Matarnia;pl;20130507
Osowa;pl;20130507
Osowa;pl;20130511
Chwaszczyno;pl;20130511
Koleczkowo;pl;20130511
Wiczlino;pl;20130511
Osowa;pl;20130512
Matarnia;pl;20130512
Banino;pl;20130512
Miszewo;pl;20130512
Chwaszczyno;pl;20130512
Osowa;pl;20130513
Matarnia;pl;20130513
Osowa;pl;20130514
Chwaszczyno;pl;20130514
Koleczkowo;pl;20130514
Wiczlino;pl;20130514
Gdynia;pl;20130515
Wiczlino;pl;20130515
Osowa;pl;20130516
Barniewice;pl;20130516
Banino;pl;20130516
Pêpowo;pl;20130516
Matarnia;pl;20130518
Banino;pl;20130518
Pêpowo;pl;20130518
Miszewo;pl;20130518
Chwaszczyno;pl;20130518
Gdynia;pl;20130518
Osowa;pl;20130519
Matarnia;pl;20130519
Banino;pl;20130519
Miszewo;pl;20130519
Chwaszczyno;pl;20130519
Gdynia;pl;20130519
Matarnia;pl;20130520
Osowa;pl;20130520
Gdynia;pl;20130522
Wiczlino;pl;20130522
Koleczkowo;pl;20130522
Bojano;pl;20130522
Chwaszczyno;pl;20130522
Osowa;pl;20130522
Osowa;pl;20130523
Matarnia;pl;20130523
Osowa;pl;20130524
Barniewice;pl;20130524
Banino;pl;20130524
Matarnia;pl;20130524
Matarnia;pl;20130526
Banino;pl;20130526
Miszewo;pl;20130526
Chwaszczyno;pl;20130526
Osowa;pl;20130527
Chwaszczyno;pl;20130527
Bojano;pl;20130527
Koleczkowo;pl;20130527
Wiczlino;pl;20130527
Osowa;pl;20130529
Osowa;pl;20130530
Barniewice;pl;20130530
Banino;pl;20130530
Miszewo;pl;20130530
Czeczewo;pl;20130530
Kielno;pl;20130530
Chwaszczyno;pl;20130530
Matarnia;pl;20130531
Osowa;pl;20130531
Matarnia;pl;20130601
Banino;pl;20130601
Pêpowo;pl;20130601
Miszewo;pl;20130601
Chwaszczyno;pl;20130601
Matarnia;pl;20130602
Banino;pl;20130602
Miszewo;pl;20130602
Chwaszczyno;pl;20130602
Osowa;pl;20130603
Chwaszczyno;pl;20130603
Bojano;pl;20130603
Koleczkowo;pl;20130603
Wiczlino;pl;20130603
Gdañsk;pl;20130604
Osowa;pl;20130606
Chwaszczyno;pl;20130606
Kielno;pl;20130606
Koleczkowo;pl;20130606
Bieszkowice;pl;20130606
Wiczlino;pl;20130606
Gdañsk;pl;20130607
Matarnia;pl;20130607
Rêbiechowo;pl;20130607
Barniewice;pl;20130607
Gdañsk;pl;20130608
Matarnia;pl;20130608
Le¼no;pl;20130608
Pêpowo;pl;20130608
Miszewo;pl;20130608
Chwaszczyno;pl;20130608
Osowa;pl;20130609
Chwaszczyno;pl;20130609
Koleczkowo;pl;20130609
Wiczlino;pl;20130609
Osowa;pl;20130610
Matarnia;pl;20130610
Osowa;pl;20130612
Matarnia;pl;20130612
Osowa;pl;20130613
Chwaszczyno;pl;20130613
Koleczkowo;pl;20130613
Wiczlino;pl;20130613
Prabuty;pl;20130615
Kwidzyn;pl;20130615
Gurcz;pl;20130615
Piek³o;pl;20130615
M±towyWielkie;pl;20130615
Tczew;pl;20130615
Pszczó³ki;pl;20130615
PruszczGdañski;pl;20130615
Gdañsk;pl;20130615
Osowa;pl;20130616
Chwaszczyno;pl;20130616
Koleczkowo;pl;20130616
Wiczlino;pl;20130616
Osowa;pl;20130618
Matarnia;pl;20130618
Matarnia;pl;20130619
Osowa;pl;20130619
Gdañsk;pl;20130621
Matarnia;pl;20130621
Rêbiechowo;pl;20130621
Barniewice;pl;20130621
Gdañsk;pl;20130622
Matarnia;pl;20130622
Banino;pl;20130622
Pêpowo;pl;20130622
¯ukowo;pl;20130622
Sitno;pl;20130622
Sitno;pl;20130623
Kartuzy;pl;20130623
Przodkowo;pl;20130623
Czeczewo;pl;20130623
Kielno;pl;20130623
Koleczkowo;pl;20130623
Wiczlino;pl;20130623
Osowa;pl;20130624
Matarnia;pl;20130624
Osowa;pl;20130627
Matarnia;pl;20130627
Osowa;pl;20130629
Chwaszczyno;pl;20130629
Kielno;pl;20130629
Osowa;pl;20130630
Barniewice;pl;20130630
Banino;pl;20130630
Pêpowo;pl;20130630
¯ukowo;pl;20130630
Lniska;pl;20130630
Przyja¼ñ;pl;20130630
Kolbudy;pl;20130630
Osowa;pl;20130703
Matarnia;pl;20130703
Osowa;pl;20130704
Matarnia;pl;20130704
Gdañsk;pl;20130706
Matarnia;pl;20130706
Le¼no;pl;20130706
Pêpowo;pl;20130706
Miszewo;pl;20130706
Banino;pl;20130706
Barniewice;pl;20130706
Osowa;pl;20130706
Pelplin;pl;20130707
Gniew;pl;20130707
Starogard;pl;20130707
Osowa;pl;20130709
Matarnia;pl;20130709
Matarnia;pl;20130710
Banino;pl;20130710
Pêpowo;pl;20130710
Bieszkowice;pl;20130710
Osowa;pl;20130710
Osowa;pl;20130711
Matarnia;pl;20130711
Osowa;pl;20130713
Matarnia;pl;20130713
Osowa;pl;20130714
Chwaszczyno;pl;20130714
Bojano;pl;20130714
Koleczkowo;pl;20130714
Wiczlino;pl;20130714
Gdynia;pl;20130714
W³oszczowa;pl;20130716
Kielce;pl;20130716
Kielce;pl;20130717
Kielce;pl;20130718
Bodzentyn;pl;20130718
Starachowice;pl;20130718
Kielce;pl;20130720
Chodzie¿;pl;20130720
Kielce;pl;20130721
Osowa;pl;20130723
Matarnia;pl;20130723
Matarnia;pl;20130724
Osowa;pl;20130724
Osowa;pl;20130725
Matarnia;pl;20130725
Kielno;pl;20130726
Koleczkowo;pl;20130726
Wiczlino;pl;20130726
Osowa;pl;20130729
Matarnia;pl;20130729
Osowa;pl;20130731
Matarnia;pl;20130731
Osowa;pl;20130802
Matarnia;pl;20130803
Rêbiechowo;pl;20130803
Barniewice;pl;20130803
Osowa;pl;20130803
Matarnia;pl;20130804
Osowa;pl;20130804
Matarnia;pl;20130805
Rêbiechowo;pl;20130805
Barniewice;pl;20130805
Osowa;pl;20130805
Sopot;pl;20130806
Matarnia;pl;20130807
Osowa;pl;20130807
Sopot;pl;20130807
Osowa;pl;20130808
Sopot;pl;20130808
Banino;pl;20130808
¯ukowo;pl;20130808
Sopot;pl;20130810
Osowa;pl;20130810
Sopot;pl;20130811
Osowa;pl;20130811
Chwaszczyno;pl;20130811
Kielno;pl;20130811
Kowalewo;pl;20130811
Sopot;pl;20130813
Osowa;pl;20130813
Sopot;pl;20130815
Osowa;pl;20130815
Chwaszczyno;pl;20130815
Kielno;pl;20130815
Kowalewo;pl;20130815
Szemud;pl;20130815
Sopot;pl;20130816
Sopot;pl;20130817
Osowa;pl;20130817
Chwaszczyno;pl;20130817
Kielno;pl;20130817
Kowalewo;pl;20130817
Szemud;pl;20130817
Sopot;pl;20130818
Osowa;pl;20130818
Rêbiechowo;pl;20130818
Barniewice;pl;20130818
Gdañsk;pl;20130819
Matarnia;pl;20130819
Osowa;pl;20130819
Sopot;pl;20130820
Osowa;pl;20130820
Sopot;pl;20130821
Osowa;pl;20130821
Barniewice;pl;20130821
Banino;pl;20130821
Pêpowo;pl;20130821
Miszewo;pl;20130821
Osowa;pl;20130824
Banino;pl;20130824
Miszewo;pl;20130824
Osowa;pl;20130825
Chwaszczyno;pl;20130825
Kielno;pl;20130825
Czeczewo;pl;20130825
Miszewo;pl;20130825
Barniewice;pl;20130825
Osowa;pl;20130826
Barniewice;pl;20130826
Rêbiechowo;pl;20130826
Matarnia;pl;20130826
Osowa;pl;20130829
Sopot;pl;20130830
Osowa;pl;20130830
Osowa;pl;20130831
Banino;pl;20130831
Miszewo;pl;20130831
Czeczewo;pl;20130831
Kielno;pl;20130831
Chwaszczyno;pl;20130831
Osowa;pl;20130901
Chwaszczyno;pl;20130901
Kielno;pl;20130901
Koleczkowo;pl;20130901
Wiczlino;pl;20130901
Osowa;pl;20130903
Chwaszczyno;pl;20130903
Kielno;pl;20130903
Koleczkowo;pl;20130903
Wiczlino;pl;20130903
Gdynia;pl;20130904
Wiczlino;pl;20130904
Koleczkowo;pl;20130904
Banino;pl;20130904
NowyDwórWejherowski;pl;20130904
Gdañsk;pl;20130905
Matarnia;pl;20130905
Banino;pl;20130905
Pêpowo;pl;20130905
Barniewice;pl;20130905
Osowa;pl;20130907
Banino;pl;20130907
Miszewo;pl;20130907
Czeczewo;pl;20130907
Kielno;pl;20130907
Chwaszczyno;pl;20130907
Wejherowo;pl;20130908
Ty³owo;pl;20130908
¯arnowiec;pl;20130908
Krokowa;pl;20130908
Po³czyno;pl;20130908
Celbowo;pl;20130908
¯elistrzewo;pl;20130908
Mrzezino;pl;20130908
Pierwoszyno;pl;20130908
Gdynia;pl;20130908
Osowa;pl;20130910
Kielno;pl;20130910
Koleczkowo;pl;20130910
Wiczlino;pl;20130910
Osowa;pl;20130915
Rêbiechowo;pl;20130915
Barniewice;pl;20130915
Osowa;pl;20130916
Rêbiechowo;pl;20130916
Barniewice;pl;20130916
Gdynia;pl;20130918
Wiczlino;pl;20130918
Bieszkowice;pl;20130918
Osowa;pl;20130921
Banino;pl;20130921
Miszewo;pl;20130921
Chwaszczyno;pl;20130921
Osowa;pl;20130922
Banino;pl;20130922
Pêpowo;pl;20130922
Barniewice;pl;20130922
Gdañsk;pl;20130929
Sopot;pl;20130929
Osowa;pl;20130930
Matarnia;pl;20130930
Osowa;pl;20131002
Matarnia;pl;20131002
Gdynia;pl;20131003
Wiczlino;pl;20131003
Bieszkowice;pl;20131003
Osowa;pl;20131005
Banino;pl;20131005
Miszewo;pl;20131005
Chwaszczyno;pl;20131005
Osowa;pl;20131006
Banino;pl;20131006
Pêpowo;pl;20131006
Le¼no;pl;20131006
Osowa;pl;20131007
Matarnia;pl;20131007
Osowa;pl;20131009
Chwaszczyno;pl;20131009
Kielno;pl;20131009
Koleczkowo;pl;20131009
Matarnia;pl;20131010
Rêbiechowo;pl;20131010
Barniewice;pl;20131010
Osowa;pl;20131010
Osowa;pl;20131012
Banino;pl;20131012
Miszewo;pl;20131012
Chwaszczyno;pl;20131012
Osowa;pl;20131013
Banino;pl;20131013
Pêpowo;pl;20131013
Le¼no;pl;20131013
Osowa;pl;20131014
Matarnia;pl;20131014
Gdynia;pl;20131016
Koleczkowo;pl;20131016
Bieszkowice;pl;20131016
Banino;pl;20131019
Pêpowo;pl;20131019
Przodkowo;pl;20131019
Czeczewo;pl;20131019
Kielno;pl;20131019
Chwaszczyno;pl;20131019
Gdañsk;pl;20131020
Osowa;pl;20131022
Matarnia;pl;20131022
Osowa;pl;20131023
Chwaszczyno;pl;20131023
Warzenko;pl;20131023
Matarnia;pl;20131024
Osowa;pl;20131024
Osowa;pl;20131028
Matarnia;pl;20131028
Matarnia;pl;20131029
Osowa;pl;20131029
Osowa;pl;20131030
Chwaszczyno;pl;20131030
Kielno;pl;20131030
Koleczkowo;pl;20131030
Wiczlino;pl;20131030
Osowa;pl;20131102
Matarnia;pl;20131102
Banino;pl;20131102
Barniewice;pl;20131102
Osowa;pl;20131103
Matarnia;pl;20131103
Banino;pl;20131103
Barniewice;pl;20131103
Sopot;pl;20131104
Sopot;pl;20131105
Osowa;pl;20131110
Banino;pl;20131110
Miszewo;pl;20131110
Chwaszczyno;pl;20131110
Osowa;pl;20131111
Matarnia;pl;20131111
Sopot;pl;20131112
Sopot;pl;20131116
Kielno;pl;20131117
Kamieñ;pl;20131117
Koleczkowo;pl;20131117
Wiczlino;pl;20131117
Sopot;pl;20131118
Gdañsk;pl;20131118
Osowa;pl;20131121
Warzenko;pl;20131121
Osowa;pl;20131123
Banino;pl;20131123
Pêpowo;pl;20131123
Le¼no;pl;20131123
Sopot;pl;20131128
Gdañsk;pl;20131128
Sopot;pl;20131129
Osowa;pl;20131129
Matarnia;pl;20131129
Osowa;pl;20131201
Matarnia;pl;20131201
Osowa;pl;20131202
Warzenko;pl;20131202
Osowa;pl;20131205
Warzenko;pl;20131205
Gdañsk;pl;20131215
Osowa;pl;20131216
Matarnia;pl;20131216
Gdañsk;pl;20131217
Osowa;pl;20131218
Warzenko;pl;20131218
Osowa;pl;20131221
Matarnia;pl;20131221
Osowa;pl;20131222
Matarnia;pl;20131222
Gdañsk;pl;20131223
Osowa;pl;20131226
Banino;pl;20131226
Miszewo;pl;20131226
Chwaszczyno;pl;20131226
Osowa;pl;20131228
Matarnia;pl;20131228
Osowa;pl;20140101
Matarnia;pl;20140102
Osowa;pl;20140102
Gdynia;pl;20140103
Osowa;pl;20140103
Osowa;pl;20140104
Matarnia;pl;20140104
Barniewice;pl;20140104
Gdañsk;pl;20140107
Osowa;pl;20140108
Chwaszczyno;pl;20140108
Gdynia;pl;20140108
Gdañsk;pl;20140207
Gdynia;pl;20140209
Chwaszczyno;pl;20140209
Osowa;pl;20140209
Gdañsk;pl;20140210
Gdañsk;pl;20140212
Gdynia;pl;20140213
Chwaszczyno;pl;20140213
Osowa;pl;20140213
Gdañsk;pl;20140214
Osowa;pl;20140214
Matarnia;pl;20140214
Gdañsk;pl;20140215
Osowa;pl;20140215
Matarnia;pl;20140215
Gdañsk;pl;20140216
Osowa;pl;20140216
Kielno;pl;20140216
Koleczkowo;pl;20140216
Wiczlino;pl;20140216
Gdañsk;pl;20140218
Osowa;pl;20140218
Kielno;pl;20140218
Koleczkowo;pl;20140218
Wiczlino;pl;20140218
Gdañsk;pl;20140219
Osowa;pl;20140219
Barniewice;pl;20140219
Rêbiechowo;pl;20140219
Gdynia;pl;20140221
Pierwoszyno;pl;20140221
Puck;pl;20140221
Puck;pl;20140223
Rumia;pl;20140223
Gdynia;pl;20140223
Wiczlino;pl;20140223
Gdañsk;pl;20140224
Matarnia;pl;20140224
Rêbiechowo;pl;20140224
Barniewice;pl;20140224
Gdañsk;pl;20140225
Osowa;pl;20140225
Sopot;pl;20140226
Gdynia;pl;20140227
Chwaszczyno;pl;20140227
Osowa;pl;20140227
Gdañsk;pl;20140227
Matarnia;pl;20140302
Banino;pl;20140302
Miszewo;pl;20140302
Chwaszczyno;pl;20140302
Osowa;pl;20140302
Gdañsk;pl;20140302
Gdañsk;pl;20140303
Osowa;pl;20140303
Chwaszczyno;pl;20140303
Gdynia;pl;20140303
Gdynia;pl;20140304
Osowa;pl;20140304
Gdañsk;pl;20140304
Gdañsk;pl;20140305
Matarnia;pl;20140305
Osowa;pl;20140305
Gdañsk;pl;20140306
Osowa;pl;20140306
Chwaszczyno;pl;20140306
Gdynia;pl;20140306
Matarnia;pl;20140308
Banino;pl;20140308
Miszewo;pl;20140308
Chwaszczyno;pl;20140308
Osowa;pl;20140308
Gdañsk;pl;20140308
Matarnia;pl;20140309
Banino;pl;20140309
Pêpowo;pl;20140309
Le¼no;pl;20140309
Gdañsk;pl;20140310
Matarnia;pl;20140310
Osowa;pl;20140310
Osowa;pl;20140312
Chwaszczyno;pl;20140312
Kielno;pl;20140312
Koleczkowo;pl;20140312
Wiczlino;pl;20140312
Osowa;pl;20140313
Chwaszczyno;pl;20140313
Kielno;pl;20140313
Koleczkowo;pl;20140313
Wiczlino;pl;20140313
Gdañsk;pl;20140316
Matarnia;pl;20140316
Osowa;pl;20140316
Gdañsk;pl;20140319
Gdynia;pl;20140319
Gdynia;pl;20140320
Chwaszczyno;pl;20140320
Kielno;pl;20140320
Koleczkowo;pl;20140320
Wiczlino;pl;20140320
Osowa;pl;20140321
Matarnia;pl;20140321
Matarnia;pl;20140322
Banino;pl;20140322
Pêpowo;pl;20140322
Le¼no;pl;20140322
Matarnia;pl;20140323
Banino;pl;20140323
Miszewo;pl;20140323
Chwaszczyno;pl;20140323
Gdynia;pl;20140326
Chwaszczyno;pl;20140326
Kielno;pl;20140326
Koleczkowo;pl;20140326
Wiczlino;pl;20140326
Osowa;pl;20140327
Barniewice;pl;20140327
Czaple;pl;20140327
Pêpowo;pl;20140327
Rêbiechowo;pl;20140327
Osowa;pl;20140329
Barniewice;pl;20140329
Gdañsk;pl;20140329
Matarnia;pl;20140330
Banino;pl;20140330
Miszewo;pl;20140330
Chwaszczyno;pl;20140330
Osowa;pl;20140331
Matarnia;pl;20140331
Gdañsk;pl;20140331
Osowa;pl;20140401
Chwaszczyno;pl;20140401
Bojano;pl;20140401
Wiczlino;pl;20140401
Gdynia;pl;20140401
Matarnia;pl;20140408
Osowa;pl;20140408
Matarnia;pl;20140410
Rêbiechowo;pl;20140410
Osowa;pl;20140410
Osowa;pl;20140411
Barniewice;pl;20140411
Banino;pl;20140411
Matarnia;pl;20140411
Osowa;pl;20140413
Chwaszczyno;pl;20140413
Kielno;pl;20140413
Osowa;pl;20140415
Barniewice;pl;20140415
Banino;pl;20140415
Pêpowo;pl;20140415
Le¼no;pl;20140415
Matarnia;pl;20140415
Osowa;pl;20140416
Kielno;pl;20140416
Koleczkowo;pl;20140416
Wiczlino;pl;20140416
Sopot;pl;20140417
Gdynia;pl;20140417
Osowa;pl;20140425
Barniewice;pl;20140425
Banino;pl;20140425
Osowa;pl;20140426
Banino;pl;20140426
Miszewo;pl;20140426
Chwaszczyno;pl;20140426
Osowa;pl;20140427
Banino;pl;20140427
Pêpowo;pl;20140427
Le¼no;pl;20140427
Matarnia;pl;20140427
Gdañsk;pl;20140428
Matarnia;pl;20140428
Osowa;pl;20140428
Gdañsk;pl;20140429
Osowa;pl;20140429
Majewo;pl;20140430
Kwidzyn;pl;20140430
Gardeja;pl;20140430
£asin;pl;20140430
NoweMiastoLubawskie;pl;20140430
TamaBrodzka;pl;20140430
TamaBrodzka;pl;20140502
Brodnica;pl;20140502
Jab³onowo;pl;20140502
RadzyñChe³miñski;pl;20140502
Grudzi±dz;pl;20140502
Nowe;pl;20140502
TwardaGóra;pl;20140502
Osowa;pl;20140503
Banino;pl;20140503
Pêpowo;pl;20140503
Miszewo;pl;20140503
Osowa;pl;20140506
Kielno;pl;20140506
Koleczkowo;pl;20140506
Wiczlino;pl;20140506
Gdañsk;pl;20140507
Gdynia;pl;20140507
Osowa;pl;20140509
Matarnia;pl;20140509
Osowa;pl;20140510
Matarnia;pl;20140510
Rêbiechowo;pl;20140510
Barniewice;pl;20140510
Matarnia;pl;20140512
Osowa;pl;20140512
Osowa;pl;20140514
Chwaszczyno;pl;20140514
Kielno;pl;20140514
Koleczkowo;pl;20140514
Wiczlino;pl;20140514
Osowa;pl;20140515
Chwaszczyno;pl;20140515
Bojano;pl;20140515
Koleczkowo;pl;20140515
Wiczlino;pl;20140515
Osowa;pl;20140517
Matarnia;pl;20140517
Osowa;pl;20140518
Chwaszczyno;pl;20140518
Kielno;pl;20140518
Koleczkowo;pl;20140518
Wiczlino;pl;20140518
Osowa;pl;20140519
Tuchom;pl;20140519
Miszewo;pl;20140519
Banino;pl;20140519
Rêbiechowo;pl;20140519
Osowa;pl;20140520
Chwaszczyno;pl;20140520
Wiczlino;pl;20140520
Gdynia;pl;20140520
Osowa;pl;20140521
Chwaszczyno;pl;20140521
Wiczlino;pl;20140521
Gdynia;pl;20140521
Osowa;pl;20140524
Chwaszczyno;pl;20140524
Kielno;pl;20140524
Koleczkowo;pl;20140524
Bieszkowice;pl;20140524
Wiczlino;pl;20140524
Osowa;pl;20140525
Chwaszczyno;pl;20140525
Kielno;pl;20140525
Kamieñ;pl;20140525
Koleczkowo;pl;20140525
Wiczlino;pl;20140525
Gdynia;pl;20140528
Chwaszczyno;pl;20140528
Osowa;pl;20140528
Matarnia;pl;20140529
Osowa;pl;20140529
Osowa;pl;20140531
Matarnia;pl;20140531
Banino;pl;20140531
Miszewo;pl;20140531
Czeczewo;pl;20140531
Kielno;pl;20140531
Wiczlino;pl;20140531
Osowa;pl;20140601
Matarnia;pl;20140601
Banino;pl;20140601
Miszewo;pl;20140601
Chwaszczyno;pl;20140601
Osowa;pl;20140603
Matarnia;pl;20140603
Osowa;pl;20140604
Barniewice;pl;20140604
Osowa;pl;20140605
Chwaszczyno;pl;20140605
Osowa;pl;20140607
Banino;pl;20140607
Pêpowo;pl;20140607
Le¼no;pl;20140607
Gdynia;pl;20140608
Mosty;pl;20140608
Rewa;pl;20140608
Osowa;pl;20140610
Chwaszczyno;pl;20140610
Kielno;pl;20140610
Koleczkowo;pl;20140610
Wiczlino;pl;20140610
Osowa;pl;20140611
Rêbiechowo;pl;20140611
Barniewice;pl;20140611
Gdynia;pl;20140612
Wiczlino;pl;20140612
Osowa;pl;20140612
Osowa;pl;20140615
Banino;pl;20140615
Pêpowo;pl;20140615
Le¼no;pl;20140615
Gdynia;pl;20140616
Osowa;pl;20140616
Gdañsk;pl;20140617
Gdynia;pl;20140619
Wiczlino;pl;20140619
Kielno;pl;20140619
Chwaszczyno;pl;20140619
Osowa;pl;20140622
Matarnia;pl;20140622
Osowa;pl;20140624
Chwaszczyno;pl;20140624
Koleczkowo;pl;20140624
Wiczlino;pl;20140624
Matarnia;pl;20140625
Rêbiechowo;pl;20140625
Barniewice;pl;20140625
Gdynia;pl;20140626
Mosty;pl;20140626
Rewa;pl;20140626
Matarnia;pl;20140628
Banino;pl;20140628
Miszewo;pl;20140628
Chwaszczyno;pl;20140628
Osowa;pl;20140628
Chwaszczyno;pl;20140629
Kielno;pl;20140629
Koleczkowo;pl;20140629
Wiczlino;pl;20140629
Osowa;pl;20140630
Matarnia;pl;20140630
Osowa;pl;20140701
Matarnia;pl;20140701
Osowa;pl;20140702
Matarnia;pl;20140702
Majewo;pl;20140704
Kwidzyn;pl;20140704
Matarnia;pl;20140705
Banino;pl;20140705
Miszewo;pl;20140705
Chwaszczyno;pl;20140705
Osowa;pl;20140705
Matarnia;pl;20140706
Banino;pl;20140706
Miszewo;pl;20140706
Chwaszczyno;pl;20140706
Osowa;pl;20140706
Matarnia;pl;20140709
Osowa;pl;20140709
Chwaszczyno;pl;20140710
Kielno;pl;20140710
Koleczkowo;pl;20140710
Wiczlino;pl;20140710
Osowa;pl;20140713
Banino;pl;20140713
Osowa;pl;20140714
Matarnia;pl;20140714
Osowa;pl;20140715
Matarnia;pl;20140715
Sopot;pl;20140718
Gdañsk;pl;20140718
SworneGacie;pl;20140719
SworneGacie;pl;20140720
Binduga;pl;20140720
Gdañsk;pl;20140721
Matarnia;pl;20140721
Osowa;pl;20140721
Osowa;pl;20140723
Matarnia;pl;20140723
Osowa;pl;20140724
Chwaszczyno;pl;20140724
Koleczkowo;pl;20140724
Wiczlino;pl;20140724
Osowa;pl;20140726
Matarnia;pl;20140726
Osowa;pl;20140727
Banino;pl;20140727
Miszewo;pl;20140727
Chwaszczyno;pl;20140727
Osowa;pl;20140729
Matarnia;pl;20140729
Osowa;pl;20140730
Chwaszczyno;pl;20140730
Koleczkowo;pl;20140730
Wiczlino;pl;20140730
Osowa;pl;20140802
Banino;pl;20140802
Pêpowo;pl;20140802
Miszewo;pl;20140802
Chwaszczyno;pl;20140802
Osowa;pl;20140806
Chwaszczyno;pl;20140806
Koleczkowo;pl;20140806
Wiczlino;pl;20140806
Osowa;pl;20140807
Matarnia;pl;20140807
Matarnia;pl;20140809
Banino;pl;20140809
Pêpowo;pl;20140809
Le¼no;pl;20140809
Matarnia;pl;20140810
Banino;pl;20140810
Gdynia;pl;20140812
Wiczlino;pl;20140812
Kielno;pl;20140812
Osowa;pl;20140814
Matarnia;pl;20140814
Osowa;pl;20140815
Banino;pl;20140815
Miszewo;pl;20140815
Chwaszczyno;pl;20140815
Banino;pl;20140816
Pêpowo;pl;20140816
Le¼no;pl;20140816
Gdañsk;pl;20140816
Gdynia;pl;20140817
Wiczlino;pl;20140817
Kielno;pl;20140817
Gdynia;pl;20140820
Osowa;pl;20140820
Osowa;pl;20140821
Matarnia;pl;20140821
Gdañsk;pl;20140821
Osowa;pl;20140821
Kielno;pl;20140821
Koleczkowo;pl;20140821
Wiczlino;pl;20140821
Osowa;pl;20140903
Matarnia;pl;20140903
Sopot;pl;20140905
Chwaszczyno;pl;20140906
Koleczkowo;pl;20140906
Wiczlino;pl;20140906
Matarnia;pl;20140907
Rêbiechowo;pl;20140907
Barniewice;pl;20140907
Osowa;pl;20140909
Matarnia;pl;20140909
Osowa;pl;20140911
Matarnia;pl;20140911
Koleczkowo;pl;20140913
Wiczlino;pl;20140913
Kielno;pl;20140914
Kamieñ;pl;20140914
Osowa;pl;20140916
Matarnia;pl;20140916
Kielno;pl;20140918
Kamieñ;pl;20140918
Kielno;pl;20140919
Koleczkowo;pl;20140919
Wiczlino;pl;20140919
Kielno;pl;20140920
Kamieñ;pl;20140920
Kielno;pl;20140921
Kamieñ;pl;20140921
Osowa;pl;20140924
Matarnia;pl;20140924
Sopot;pl;20140926
Gdynia;pl;20140926
Osowa;pl;20141001
Kielno;pl;20141001
Osowa;pl;20141002
Matarnia;pl;20141002
Osowa;pl;20141004
Kielno;pl;20141004
Osowa;pl;20141005
Kielno;pl;20141005
Kamieñ;pl;20141005
Osowa;pl;20141007
Rêbiechowo;pl;20141007
Barniewice;pl;20141007
Osowa;pl;20141008
Matarnia;pl;20141008
Kielno;pl;20141012
Kamieñ;pl;20141012
Osowa;pl;20141015
Matarnia;pl;20141015
Matarnia;pl;20141016
Osowa;pl;20141016
Osowa;pl;20141018
Kielno;pl;20141018
Osowa;pl;20141019
Kielno;pl;20141019
Kamieñ;pl;20141019
Kowalewo;pl;20141019
Matarnia;pl;20141023
Osowa;pl;20141023
Osowa;pl;20141024
Gdynia;pl;20141024
Matarnia;pl;20141027
Rêbiechowo;pl;20141027
Osowa;pl;20141027
Gdañsk;pl;20141027
Osowa;pl;20141029
Kielno;pl;20141029
Osowa;pl;20141031
Kielno;pl;20141102
Kamieñ;pl;20141102
Osowa;pl;20141104
Warzenko;pl;20141104
Osowa;pl;20141105
Kielno;pl;20141105
Osowa;pl;20141106
Matarnia;pl;20141106
Matarnia;pl;20141110
Osowa;pl;20141110
Kielno;pl;20141111
Kamieñ;pl;20141111
Matarnia;pl;20141121
Osowa;pl;20141121
Kielno;pl;20141123
Kamieñ;pl;20141123
Osowa;pl;20141125
Warzenko;pl;20141125
Osowa;pl;20141126
Warzenko;pl;20141126
Osowa;pl;20141129
Matarnia;pl;20141129
Gdañsk;pl;20141201
Osowa;pl;20141203
Matarnia;pl;20141203
Osowa;pl;20141207
Chwaszczyno;pl;20141207
Warzenko;pl;20141207
Matarnia;pl;20141209
Osowa;pl;20141209
Osowa;pl;20141211
Barniewice;pl;20141211
Osowa;pl;20141212
Warzenko;pl;20141212
Osowa;pl;20141214
Warzenko;pl;20141214
Gdañsk;pl;20141215
Osowa;pl;20141215
Gdañsk;pl;20150104
Osowa;pl;20150104
Osowa;pl;20150105
Matarnia;pl;20150105
Gdañsk;pl;20150105
Gdañsk;pl;20150113
Matarnia;pl;20150113
Osowa;pl;20150113
Osowa;pl;20150114
Matarnia;pl;20150114
Gdañsk;pl;20150114
Osowa;pl;20150115
Warzenko;pl;20150115
Chwaszczyno;pl;20150115
Gdañsk;pl;20150117
Matarnia;pl;20150117
Osowa;pl;20150117
Osowa;pl;20150118
Chwaszczyno;pl;20150118
Gdynia;pl;20150118
Gdañsk;pl;20150119
Matarnia;pl;20150119
Osowa;pl;20150119
Gdañsk;pl;20150122
Matarnia;pl;20150122
Osowa;pl;20150122
Osowa;pl;20150124
Rêbiechowo;pl;20150124
Barniewice;pl;20150124
Gdañsk;pl;20150125
Matarnia;pl;20150125
Osowa;pl;20150125
Gdañsk;pl;20150128
Matarnia;pl;20150128
Osowa;pl;20150128
Gdañsk;pl;20150129
Osowa;pl;20150131
Chwaszczyno;pl;20150131
Gdynia;pl;20150131
Gdañsk;pl;20150201
Gdañsk;pl;20150203
Osowa;pl;20150203
Chwaszczyno;pl;20150203
Koleczkowo;pl;20150203
Wiczlino;pl;20150203
Gdañsk;pl;20150204
Osowa;pl;20150206
Chwaszczyno;pl;20150206
Gdynia;pl;20150206
Gdañsk;pl;20150208
Smo³dzino;pl;20150210
Choæmirówko;pl;20150210
Rumsko;pl;20150210
Smo³dzino;pl;20150211
G±bino;pl;20150211
Machowino;pl;20150211
Ga³êzinowo;pl;20150211
Ustka;pl;20150211
Gdañsk;pl;20150212
Matarnia;pl;20150212
Osowa;pl;20150212
Osowa;pl;20150214
Chwaszczyno;pl;20150214
Koleczkowo;pl;20150214
Wiczlino;pl;20150214
Osowa;pl;20150215
Chwaszczyno;pl;20150215
Koleczkowo;pl;20150215
Wiczlino;pl;20150215
Osowa;pl;20150217
Matarnia;pl;20150217
Osowa;pl;20150218
Matarnia;pl;20150218
Gdañsk;pl;20150219
Matarnia;pl;20150219
Rêbiechowo;pl;20150219
Barniewice;pl;20150219
Osowa;pl;20150221
Chwaszczyno;pl;20150221
Kielno;pl;20150221
Kamieñ;pl;20150221
Osowa;pl;20150222
Chwaszczyno;pl;20150222
Koleczkowo;pl;20150222
Wiczlino;pl;20150222
Gdynia;pl;20150223
Chwaszczyno;pl;20150223
Osowa;pl;20150223
Chwaszczyno;pl;20150224
Koleczkowo;pl;20150224
Gdynia;pl;20150224
Chwaszczyno;pl;20150225
Koleczkowo;pl;20150225
Bojano;pl;20150225
Matarnia;pl;20150226
Osowa;pl;20150226
Chwaszczyno;pl;20150228
Koleczkowo;pl;20150228
Bojano;pl;20150228
Chwaszczyno;pl;20150301
Koleczkowo;pl;20150301
Bojano;pl;20150301
Matarnia;pl;20150303
Osowa;pl;20150303
Gdañsk;pl;20150304
Gdañsk;pl;20150305
Osowa;pl;20150308
Chwaszczyno;pl;20150308
Kielno;pl;20150308
Kamieñ;pl;20150308
Gdañsk;pl;20150309
Matarnia;pl;20150309
Rêbiechowo;pl;20150309
Barniewice;pl;20150309
Chwaszczyno;pl;20150310
Koleczkowo;pl;20150310
Wiczlino;pl;20150310
Osowa;pl;20150311
Matarnia;pl;20150311
Osowa;pl;20150312
Matarnia;pl;20150312
Osowa;pl;20150315
Chwaszczyno;pl;20150315
Koleczkowo;pl;20150315
Wiczlino;pl;20150315
Bojano;pl;20150315
Osowa;pl;20150316
Chwaszczyno;pl;20150316
Kielno;pl;20150316
Kamieñ;pl;20150316
Osowa;pl;20150317
Chwaszczyno;pl;20150317
Kielno;pl;20150317
Koleczkowo;pl;20150317
Bojano;pl;20150317
Osowa;pl;20150318
Chwaszczyno;pl;20150318
Kielno;pl;20150318
Kamieñ;pl;20150318
Gdañsk;pl;20150319
Chwaszczyno;pl;20150322
Koleczkowo;pl;20150322
Wiczlino;pl;20150322
Sopot;pl;20150324
Osowa;pl;20150325
Matarnia;pl;20150325
Osowa;pl;20150327
Matarnia;pl;20150327
Osowa;pl;20150328
Kielno;pl;20150328
Kamieñ;pl;20150328
Gdañsk;pl;20150331
Osowa;pl;20150331
Matarnia;pl;20150402
Osowa;pl;20150402
Matarnia;pl;20150403
Osowa;pl;20150404
Matarnia;pl;20150404
Gdañsk;pl;20150406
Kielno;pl;20150407
Koleczkowo;pl;20150407
Wiczlino;pl;20150407
Kielno;pl;20150408
Koleczkowo;pl;20150408
Kamieñ;pl;20150408
Gdañsk;pl;20150409
Kielno;pl;20150411
Koleczkowo;pl;20150411
Kamieñ;pl;20150411
Kielno;pl;20150412
Bojano;pl;20150412
Kielno;pl;20150422
Bojano;pl;20150422
Matarnia;pl;20150423
Osowa;pl;20150423
Kielno;pl;20150425
Kamieñ;pl;20150425
Kielno;pl;20150426
Koleczkowo;pl;20150426
Wiczlino;pl;20150426
I³awa;pl;20150429
Bachotek;pl;20150429
Matarnia;pl;20150506
Osowa;pl;20150506
Osowa;pl;20150509
Matarnia;pl;20150509
Kielno;pl;20150510
Koleczkowo;pl;20150510
Osowa;pl;20150510
Osowa;pl;20150511
Matarnia;pl;20150511
Osowa;pl;20150513
Sopot;pl;20150513
Osowa;pl;20150514
Rêbiechowo;pl;20150514
Osowa;pl;20150516
Sopot;pl;20150516
Kielno;pl;20150517
Koleczkowo;pl;20150517
Osowa;pl;20150517
Gdañsk;pl;20150518
Osowa;pl;20150518
Gdañsk;pl;20150519
Matarnia;pl;20150519
Osowa;pl;20150519
Gdañsk;pl;20150521
Osowa;pl;20150521
Kielno;pl;20150523
Koleczkowo;pl;20150523
Wiczlino;pl;20150523
Kielno;pl;20150524
Koleczkowo;pl;20150524
Wiczlino;pl;20150524
Kielno;pl;20150527
Koleczkowo;pl;20150527
Osowa;pl;20150527
Gdañsk;pl;20150528
Osowa;pl;20150528
Osowa;pl;20150530
Chwaszczyno;pl;20150530
Kielno;pl;20150531
Koleczkowo;pl;20150531
Osowa;pl;20150531
Cavigliano;CH;20150602
Brisago;CH;20150602
Locarno;CH;20150603
Bignasco;CH;20150603
Cavigliano;CH;20150603
Cavigliano;CH;20150604
Ronco;CH;20150604
Ascona;CH;20150604
Locarno;CH;20150604
Cavigliano;CH;20150605
Intragna;IT;20150605
Re;IT;20150605
Malesco;IT;20150605
Finero;CH;20150605
Cannobio;CH;20150605
Ascona;CH;20150605
Locarno;CH;20150605
Kielno;pl;20150607
Kamieñ;pl;20150607
Czeczewo;pl;20150607
Kielno;pl;20150610
Koleczkowo;pl;20150610
Osowa;pl;20150610
Kielno;pl;20150611
Koleczkowo;pl;20150611
Wiczlino;pl;20150611
Kielno;pl;20150613
Koleczkowo;pl;20150613
Wiczlino;pl;20150613
Kielno;pl;20150614
Koleczkowo;pl;20150614
Kamieñ;pl;20150614
Szemud;pl;20150614
Osowa;pl;20150615
Matarnia;pl;20150617
Osowa;pl;20150617
Matarnia;pl;20150622
Osowa;pl;20150622
Gdañsk;pl;20150623
Kielno;pl;20150624
Koleczkowo;pl;20150624
Osowa;pl;20150625
Matarnia;pl;20150625
Gdañsk;pl;20150625
Osowa;pl;20150627
Chwaszczyno;pl;20150627
Kielno;pl;20150627
Kamieñ;pl;20150627
Osowa;pl;20150628
Chwaszczyno;pl;20150628
Kielno;pl;20150628
Kamieñ;pl;20150628
Osowa;pl;20150629
Kielno;pl;20150629
Koleczkowo;pl;20150629
Wiczlino;pl;20150629
Gdañsk;pl;20150701
Matarnia;pl;20150701
Osowa;pl;20150701
Matarnia;pl;20150704
Banino;pl;20150704
Miszewo;pl;20150704
Chwaszczyno;pl;20150704
Osowa;pl;20150704
Gdañsk;pl;20150704
Kielno;pl;20150705
Kamieñ;pl;20150705
Gdañsk;pl;20150706
Matarnia;pl;20150706
Osowa;pl;20150706
Osowa;pl;20150708
Kielno;pl;20150708
Koleczkowo;pl;20150708
Osowa;pl;20150709
Kielno;pl;20150709
Koleczkowo;pl;20150709
Wiczlino;pl;20150709
Osowa;pl;20150711
Kielno;pl;20150711
Koleczkowo;pl;20150711
Wiczlino;pl;20150711
Osowa;pl;20150712
Kielno;pl;20150712
Kamieñ;pl;20150712
Majewo;pl;20150715
Kwidzyn;pl;20150715
Sztum;pl;20150715
Bia³aGóra;pl;20150715
Tczew;pl;20150715
Gdañsk;pl;20150715
Gdañsk;pl;20150716
Matarnia;pl;20150716
Osowa;pl;20150716
Koleczkowo;pl;20150718
Bieszkowice;pl;20150718
NowyDwórWejherowski;pl;20150718
Koleczkowo;pl;20150719
Bieszkowice;pl;20150719
NowyDwórWejherowski;pl;20150719
Szemud;pl;20150719
Kamieñ;pl;20150719
Koleczkowo;pl;20150719
Gdañsk;pl;20150720
Matarnia;pl;20150720
Rêbiechowo;pl;20150720
Barniewice;pl;20150720
Kielno;pl;20150722
Koleczkowo;pl;20150722
Olsztyn;pl;20150724
D¼wierzuty;pl;20150724
StareKie³bonki;pl;20150724
Ukta;pl;20150724
RucianeNida;pl;20150724
Spychowo;pl;20150724
Spychowo;pl;20150725
£yse;pl;20150725
Nowogród;pl;20150725
NoweKupiski;pl;20150725
Gdañsk;pl;20150727
Matarnia;pl;20150727
Osowa;pl;20150727
Kielno;pl;20150729
Koleczkowo;pl;20150729
Wiczlino;pl;20150729
Kielno;pl;20150801
Koleczkowo;pl;20150801
Kamieñ;pl;20150801
Kielno;pl;20150802
Koleczkowo;pl;20150802
Bieszkowice;pl;20150802
NowyDwórWejherowski;pl;20150802
Wiczlino;pl;20150802
Matarnia;pl;20150805
Otomin;pl;20150805
Osowa;pl;20150805
Osowa;pl;20150806
Rêbiechowo;pl;20150806
Chwaszczyno;pl;20150808
Kielno;pl;20150808
Kamieñ;pl;20150808
Kielno;pl;20150809
Koleczkowo;pl;20150809
Bieszkowice;pl;20150809
NowyDwórWejherowski;pl;20150809
Wiczlino;pl;20150809
Osowa;pl;20150815
Chwaszczyno;pl;20150815
Kielno;pl;20150815
Kamieñ;pl;20150815
Osowa;pl;20150816
Chwaszczyno;pl;20150816
Kielno;pl;20150816
Kamieñ;pl;20150816
Osowa;pl;20150817
Rêbiechowo;pl;20150817
Osowa;pl;20150818
Kielno;pl;20150818
Koleczkowo;pl;20150818
Wiczlino;pl;20150818
Osowa;pl;20150819
Kielno;pl;20150819
Koleczkowo;pl;20150819
Osowa;pl;20150831
Matarnia;pl;20150831
Osowa;pl;20150902
Matarnia;pl;20150902
Kielno;pl;20150903
Koleczkowo;pl;20150903
Wiczlino;pl;20150903
Kielno;pl;20150905
Kamieñ;pl;20150905
Kielno;pl;20150906
Koleczkowo;pl;20150906
Wiczlino;pl;20150906
Gdañsk;pl;20150908
Matarnia;pl;20150908
Osowa;pl;20150908
Kielno;pl;20150909
Koleczkowo;pl;20150909
Kielno;pl;20150910
Koleczkowo;pl;20150910
Wiczlino;pl;20150910
Kielno;pl;20150912
Koleczkowo;pl;20150912
Kielno;pl;20150913
Kamieñ;pl;20150913
Koleczkowo;pl;20150915
Wiczlino;pl;20150915
Kielno;pl;20150916
Koleczkowo;pl;20150916
Koleczkowo;pl;20150915
Wiczlino;pl;20150915
Gdañsk;pl;20150925
Rêbiechowo;pl;20150925
Barniewice;pl;20150925
Kielno;pl;20150926
Kamieñ;pl;20150926
Kielno;pl;20150927
Kamieñ;pl;20150927
Kowalewo;pl;20150927
Gdañsk;pl;20150928
Matarnia;pl;20150928
Kielno;pl;20150930
Koleczkowo;pl;20150930
Gdañsk;pl;20151001
Matarnia;pl;20151001
Kielno;pl;20151004
Koleczkowo;pl;20151004
Wiczlino;pl;20151004
Gdynia;pl;20151004
Kielno;pl;20151005
Kielno;pl;20151007
Koleczkowo;pl;20151007
Osowa;pl;20151008
Matarnia;pl;20151008
Koleczkowo;pl;20151009
Bieszkowice;pl;20151009
Osowa;pl;20151012
Matarnia;pl;20151012
Kielno;pl;20151014
Koleczkowo;pl;20151014
Sopot;pl;20151015
Kielno;pl;20151017
Koleczkowo;pl;20151017
Bieszkowice;pl;20151017
Wiczlino;pl;20151017
Gdañsk;pl;20151019
Osowa;pl;20151019
Matarnia;pl;20151019
Kielno;pl;20151021
Koleczkowo;pl;20151021
Kielno;pl;20151024
Kamieñ;pl;20151024
Kowalewo;pl;20151024
Kielno;pl;20151025
Kamieñ;pl;20151025
Chwaszczyno;pl;20151026
Warzenko;pl;20151026
Kielno;pl;20151028
Koleczkowo;pl;20151028
Osowa;pl;20151029
Matarnia;pl;20151029
Kielno;pl;20151031
Kamieñ;pl;20151031
Kowalewo;pl;20151031
Osowa;pl;20151102
Rêbiechowo;pl;20151102
Matarnia;pl;20151102
Osowa;pl;20151104
Chwaszczyno;pl;20151104
Kielno;pl;20151104
Bojano;pl;20151104
Osowa;pl;20151105
Chwaszczyno;pl;20151105
Bojano;pl;20151105
Gdynia;pl;20151105
Kielno;pl;20151107
Koleczkowo;pl;20151107
Wiczlino;pl;20151107
Gdynia;pl;20151107
Osowa;pl;20151108
Matarnia;pl;20151108
Gdañsk;pl;20151108
Kielno;pl;20151111
Kamieñ;pl;20151111
Kowalewo;pl;20151111
Chwaszczyno;pl;20151112
Warzenko;pl;20151112
Osowa;pl;20151114
Chwaszczyno;pl;20151115
Bojano;pl;20151115
Wiczlino;pl;20151115
Gdynia;pl;20151115
Matarnia;pl;20151117
Osowa;pl;20151117
Matarnia;pl;20151118
Osowa;pl;20151118
Gdynia;pl;20151120
Osowa;pl;20151122
Matarnia;pl;20151122
Chwaszczyno;pl;20151124
Warzenko;pl;20151124
Osowa;pl;20151125
Matarnia;pl;20151125
Chwaszczyno;pl;20151127
Warzenko;pl;20151127
Osowa;pl;20151128
Gdañsk;pl;20151128
Osowa;pl;20151129
Gdañsk;pl;20151129
Kielno;pl;20151202
Koleczkowo;pl;20151202
Bojano;pl;20151202
Chwaszczyno;pl;20151203
Warzenko;pl;20151203
Gdañsk;pl;20151205
Otomin;pl;20151205
Osowa;pl;20151205
Kielno;pl;20151206
Koleczkowo;pl;20151206
Wiczlino;pl;20151206
Gdañsk;pl;20151208
Matarnia;pl;20151208
Osowa;pl;20151208
Kielno;pl;20151209
Koleczkowo;pl;20151209
Bojano;pl;20151209
Chwaszczyno;pl;20151212
Tokary;pl;20151212
Warzenko;pl;20151212
Banino;pl;20151214
Miszewo;pl;20151214
Tokary;pl;20151214
Chwaszczyno;pl;20151214
Osowa;pl;20151216
Matarnia;pl;20151216
Osowa;pl;20151218
Chwaszczyno;pl;20151218
Warzenko;pl;20151218
Kielno;pl;20151220
Kamieñ;pl;20151220
Osowa;pl;20151222
Gdañsk;pl;20151222
Gdynia;pl;20151223
Chwaszczyno;pl;20151223
Osowa;pl;20151223
Gdynia;pl;20151225
Kielno;pl;20151227
Koleczkowo;pl;20151227
Wiczlino;pl;20151227
Osowa;pl;20151228
Matarnia;pl;20151228
Matarnia;pl;20151230
Osowa;pl;20151230
Matarnia;pl;20151231
Osowa;pl;20151231
Osowa;pl;20160101
Sopot;pl;20160101
Sopot;pl;20160106
Gdañsk;pl;20160106
Gdañsk;pl;20160107
Matarnia;pl;20160107
Osowa;pl;20160107
Osowa;pl;20160110
Gdañsk;pl;20160110
Gdañsk;pl;20160111
Matarnia;pl;20160111
Osowa;pl;20160111
Gdañsk;pl;20160112
Matarnia;pl;20160112
Osowa;pl;20160112
Osowa;pl;20160113
Chwaszczyno;pl;20160113
Gdañsk;pl;20160114
Gdynia;pl;20160114
Gdynia;pl;20160118
Wiczlino;pl;20160118
£ê¿yce;pl;20160118
Gdynia;pl;20160125
Wiczlino;pl;20160125
£ê¿yce;pl;20160125
Gdynia;pl;20160126
Chwaszczyno;pl;20160126
Osowa;pl;20160126
Gdañsk;pl;20160126
Osowa;pl;20160127
Matarnia;pl;20160127
Matarnia;pl;20160128
Osowa;pl;20160128
Kielno;pl;20160129
Koleczkowo;pl;20160129
Wiczlino;pl;20160129
Kielno;pl;20160131
Koleczkowo;pl;20160131
Wiczlino;pl;20160131
Gdynia;pl;20160201
Wiczlino;pl;20160201
£ê¿yce;pl;20160201
Rumia;pl;20160201
Gdynia;pl;20160202
Wiczlino;pl;20160202
£ê¿yce;pl;20160202
Gdynia;pl;20160203
Wiczlino;pl;20160203
£ê¿yce;pl;20160203
Rumia;pl;20160203
Gdañsk;pl;20160205
Matarnia;pl;20160205
Osowa;pl;20160205
Bojano;pl;20160207
Koleczkowo;pl;20160207
Wiczlino;pl;20160207
Chwaszczyno;pl;20160213
Kielno;pl;20160213
Kamieñ;pl;20160213
Gdañsk;pl;20160220
Matarnia;pl;20160220
Gdañsk;pl;20160221
Matarnia;pl;20160221
Gdañsk;pl;20160223
Kielno;pl;20160224
Koleczkowo;pl;20160224
Wiczlino;pl;20160224
Gdynia;pl;20160225
Koleczkowo;pl;20160225
£ê¿yce;pl;20160225
Rumia;pl;20160225
Kielno;pl;20160227
Koleczkowo;pl;20160227
Wiczlino;pl;20160227
Kielno;pl;20160228
Kamieñ;pl;20160228
Gdynia;pl;20160301
Wiczlino;pl;20160301
£ê¿yce;pl;20160301
Rumia;pl;20160301
Gdynia;pl;20160302
Wiczlino;pl;20160302
Koleczkowo;pl;20160302
Bojano;pl;20160302
Osowa;pl;20160302
Gdynia;pl;20160303
Wiczlino;pl;20160303
Zbychowo;pl;20160303
NowyDwórWejherowski;pl;20160303
Bieszkowice;pl;20160303
Koleczkowo;pl;20160303
Osowa;pl;20160306
Chwaszczyno;pl;20160306
Chwaszczyno;pl;20160307
Kielno;pl;20160307
Koleczkowo;pl;20160307
Wiczlino;pl;20160307
Chwaszczyno;pl;20160308
Kielno;pl;20160308
Chwaszczyno;pl;20160309
Kielno;pl;20160309
Koleczkowo;pl;20160309
Bojano;pl;20160309
Gdañsk;pl;20160311
Matarnia;pl;20160311
Osowa;pl;20160311
Gdañsk;pl;20160313
Matarnia;pl;20160313
Banino;pl;20160313
Miszewo;pl;20160313
Warzno;pl;20160313
Chwaszczyno;pl;20160313
Gdynia;pl;20160314
Wiczlino;pl;20160314
Rumia;pl;20160314
Gdañsk;pl;20160315
Osowa;pl;20160315
Chwaszczyno;pl;20160316
Kielno;pl;20160316
Koleczkowo;pl;20160316
Bojano;pl;20160316
Chwaszczyno;pl;20160318
Kielno;pl;20160318
Koleczkowo;pl;20160318
Wiczlino;pl;20160318
Chwaszczyno;pl;20160320
Kielno;pl;20160320
Koleczkowo;pl;20160320
Wiczlino;pl;20160320
Chwaszczyno;pl;20160321
Kielno;pl;20160321
Koleczkowo;pl;20160321
Wiczlino;pl;20160321
Wiczlino;pl;20160323
Zbychowo;pl;20160323
Gniewowo;pl;20160323
Kielno;pl;20160324
Kamieñ;pl;20160324
Koleczkowo;pl;20160324
Wiczlino;pl;20160324
Kielno;pl;20160326
Kamieñ;pl;20160326
Koleczkowo;pl;20160326
Wiczlino;pl;20160326
Kielno;pl;20160328
Kamieñ;pl;20160328
Szemud;pl;20160328
Gdañsk;pl;20160329
Matarnia;pl;20160329
Osowa;pl;20160329
Chwaszczyno;pl;20160330
Kielno;pl;20160330
Koleczkowo;pl;20160330
Wiczlino;pl;20160330
Gdynia;pl;20160402
Wiczlino;pl;20160402
Koleczkowo;pl;20160402
Bieszkowice;pl;20160402
NowyDwórWejherowski;pl;20160402
Kielno;pl;20160402
Chwaszczyno;pl;20160402
Kielno;pl;20160403
Kamieñ;pl;20160403
Gdynia;pl;20160404
Wiczlino;pl;20160404
Koleczkowo;pl;20160404
Bieszkowice;pl;20160404
NowyDwórWejherowski;pl;20160404
Gniewowo;pl;20160404
Reda;pl;20160404
Rumia;pl;20160404
£ê¿yce;pl;20160404
Chwaszczyno;pl;20160406
Kielno;pl;20160406
Koleczkowo;pl;20160406
Bojano;pl;20160406
£ê¿yce;pl;20160407
Rumia;pl;20160407
Reszki;pl;20160407
Zbychowo;pl;20160407
NowyDwórWejherowski;pl;20160407
Bieszkowice;pl;20160407
Koleczkowo;pl;20160407
£ê¿yce;pl;20160409
Rumia;pl;20160409
Kazimierz;pl;20160409
Mrzezino;pl;20160409
Mosty;pl;20160409
Rewa;pl;20160409
Gdynia;pl;20160409
Kielno;pl;20160410
Kamieñ;pl;20160410
Gdañsk;pl;20160412
Matarnia;pl;20160412
Osowa;pl;20160412
Gdañsk;pl;20160414
Matarnia;pl;20160414
Osowa;pl;20160414
Osowa;pl;20160415
Bojano;pl;20160415
Gdynia;pl;20160415
Osowa;pl;20160416
Kielno;pl;20160416
Kamieñ;pl;20160416
Gdañsk;pl;20160417
Matarnia;pl;20160417
Osowa;pl;20160417
Gdañsk;pl;20160419
Matarnia;pl;20160419
Osowa;pl;20160419
Gdañsk;pl;20160420
Matarnia;pl;20160420
Osowa;pl;20160420
Gdañsk;pl;20160422
Matarnia;pl;20160422
Osowa;pl;20160423
Kielno;pl;20160423
Kamieñ;pl;20160423
Koleczkowo;pl;20160423
Bojano;pl;20160423
Gdañsk;pl;20160425
Kielno;pl;20160426
Koleczkowo;pl;20160426
Bojano;pl;20160426
Tczew;pl;20160428
Piek³o;pl;20160428
Bia³aGóra;pl;20160428
Kwidzyn;pl;20160428
Krzykosy;pl;20160428
Gardeja;pl;20160428
£asin;pl;20160428
Brodnica;pl;20160428
Bachotek;pl;20160428
Bachotek;pl;20160429
Nielbark;pl;20160429
Ciche;pl;20160429
Zbiczno;pl;20160429
Brodnica;pl;20160429
Bachotek;pl;20160430
Brzozie;pl;20160430
NoweMiastoLubawskie;pl;20160430
Nielbark;pl;20160430
Ma³yG³êboczek;pl;20160430
Bachotek;pl;20160501
Brzozie;pl;20160501
Nielbark;pl;20160501
Ciche;pl;20160501
Zbiczno;pl;20160501
Grzmiêca;pl;20160501
Pokrzydowo;pl;20160501
Bachotek;pl;20160502
Kurzêtnik;pl;20160502
Biskupiec;pl;20160502
Kisielice;pl;20160502
Prabuty;pl;20160502
Miko³ajkiPomorskie;pl;20160502
StaryTarg;pl;20160502
Malbork;pl;20160502
Osowa;pl;20160503
Kielno;pl;20160503
Kamieñ;pl;20160503
Osowa;pl;20160506
Kielno;pl;20160506
Kamieñ;pl;20160506
Wiczlino;pl;20160506
Osowa;pl;20160507
Kielno;pl;20160507
Kamieñ;pl;20160507
Szemud;pl;20160507
Kielno;pl;20160508
Kamieñ;pl;20160508
Kowalewo;pl;20160508
Kielno;pl;20160510
Koleczkowo;pl;20160510
Wiczlino;pl;20160510
Kielno;pl;20160511
Koleczkowo;pl;20160511
Bojano;pl;20160511
Kielno;pl;20160514
Kamieñ;pl;20160514
Chwaszczyno;pl;20160515
Kielno;pl;20160518
Koleczkowo;pl;20160518
Bojano;pl;20160518
Gdynia;pl;20160519
Wiczlino;pl;20160519
£ê¿yce;pl;20160519
Rumia;pl;20160519
Kielno;pl;20160521
Kamieñ;pl;20160521
Gdynia;pl;20160523
Wiczlino;pl;20160523
Bieszkowice;pl;20160523
NowyDwórWejherowski;pl;20160523
Gdañsk;pl;20160524
Kielno;pl;20160525
Czeczewo;pl;20160525
Banino;pl;20160525
Kielno;pl;20160528
Wiczlino;pl;20160528
Chwaszczyno;pl;20160528
Kielno;pl;20160529
Kamieñ;pl;20160529
Kielno;pl;20160530
Koleczkowo;pl;20160530
Gdynia;pl;20160530
Gdynia;pl;20160531
Koleczkowo;pl;20160531
Kielno;pl;20160531
Kielno;pl;20160601
Koleczkowo;pl;20160601
Bojano;pl;20160601
Kielno;pl;20160604
Kamieñ;pl;20160604
Szemud;pl;20160604
NowyDwórWejherowski;pl;20160604
Bieszkowice;pl;20160604
Koleczkowo;pl;20160604
Wiczlino;pl;20160604
Kielno;pl;20160605
Kamieñ;pl;20160605
Matarnia;pl;20160606
Banino;pl;20160606
Czeczewo;pl;20160606
Kielno;pl;20160606
Koleczkowo;pl;20160606
Wiczlino;pl;20160606
Kielno;pl;20160608
Koleczkowo;pl;20160608
Bojano;pl;20160608
Gdynia;pl;20160609
Wiczlino;pl;20160609
£ê¿yce;pl;20160609
Rumia;pl;20160609
Kielno;pl;20160611
Kamieñ;pl;20160611
Szemud;pl;20160611
NowyDwórWejherowski;pl;20160611
Bieszkowice;pl;20160611
Koleczkowo;pl;20160611
Wiczlino;pl;20160611
Kielno;pl;20160612
Kamieñ;pl;20160612
Gdañsk;pl;20160613
Matarnia;pl;20160613
Osowa;pl;20160613
Kielno;pl;20160615
Koleczkowo;pl;20160615
Bojano;pl;20160615
Gdañsk;pl;20160616
Matarnia;pl;20160616
Osowa;pl;20160616
Gdañsk;pl;20160619
Kielno;pl;20160619
Kamieñ;pl;20160619
Szemud;pl;20160619
NowyDwórWejherowski;pl;20160619
Bieszkowice;pl;20160619
Koleczkowo;pl;20160619
Wiczlino;pl;20160619
Kielno;pl;20160620
Kowalewo;pl;20160620
Kamieñ;pl;20160620
Wiczlino;pl;20160620
Kielno;pl;20160622
Koleczkowo;pl;20160622
Bojano;pl;20160622
Gdañsk;pl;20160623
Matarnia;pl;20160623
Osowa;pl;20160623
Kielno;pl;20160625
Kamieñ;pl;20160625
Kielno;pl;20160626
Koleczkowo;pl;20160626
Bojano;pl;20160626
Osowa;pl;20160627
Banino;pl;20160627
Czeczewo;pl;20160627
K³osowo;pl;20160627
Kielno;pl;20160627
Koleczkowo;pl;20160627
Wiczlino;pl;20160627
Kielno;pl;20160629
Koleczkowo;pl;20160629
Bojano;pl;20160629
Kielno;pl;20160702
Kamieñ;pl;20160702
Szemud;pl;20160702
NowyDwórWejherowski;pl;20160702
Bieszkowice;pl;20160702
Koleczkowo;pl;20160702
Wiczlino;pl;20160702
Kielno;pl;20160703
Kamieñ;pl;20160703
Kowalewo;pl;20160703
Szemud;pl;20160703
Osowa;pl;20160704
Banino;pl;20160704
Miszewo;pl;20160704
Pêpowo;pl;20160704
Le¼no;pl;20160704
Matarnia;pl;20160704
Gdañsk;pl;20160705
Gdañsk;pl;20160707
Matarnia;pl;20160707
Le¼no;pl;20160707
Pêpowo;pl;20160707
Przodkowo;pl;20160707
Czeczewo;pl;20160707
Warzenko;pl;20160707
Osowa;pl;20160707
Chwaszczyno;pl;20160709
Kielno;pl;20160709
Koleczkowo;pl;20160709
Bojano;pl;20160709
Miszewo;pl;20160709
Banino;pl;20160709
Barniewice;pl;20160709
Osowa;pl;20160709
Kielno;pl;20160710
Kamieñ;pl;20160710
Kowalewo;pl;20160710
Gdañsk;pl;20160711
Matarnia;pl;20160711
Osowa;pl;20160711
Gdañsk;pl;20160714
Matarnia;pl;20160714
Osowa;pl;20160714
Mechelinki;pl;20160716
Rumia;pl;20160716
¯elistrzewo;pl;20160716
Po³czyno;pl;20160716
Czymanowo;pl;20160716
Godêtowo;pl;20160716
Roz³azino;pl;20160716
Strzepcz;pl;20160716
Mirachowo;pl;20160716
Miechucino;pl;20160716
BrodnicaGórna;pl;20160716
Chmielno;pl;20160716
Garcz;pl;20160716
Prokowo;pl;20160716
TrzyRzeki;pl;20160716
K³osowo;pl;20160716
Kielno;pl;20160716
Koleczkowo;pl;20160716
Kielno;pl;20160717
Kamieñ;pl;20160717
Kowalewo;pl;20160717
Kielno;pl;20160720
Koleczkowo;pl;20160720
Bojano;pl;20160720
Gdañsk;pl;20160721
Osowa;pl;20160721
Gdañsk;pl;20160722
Matarnia;pl;20160722
Osowa;pl;20160722
Kielno;pl;20160723
Kamieñ;pl;20160723
Kielno;pl;20160724
Kamieñ;pl;20160724
Koleczkowo;pl;20160727
Kielno;pl;20160727
Czeczewo;pl;20160727
TrzyRzeki;pl;20160727
Hopy;pl;20160727
Gdañsk;pl;20160728
Gdañsk;pl;20160729
Krokowa;pl;20160731
¯arnowiec;pl;20160731
Sobieñczyce;pl;20160731
Gdañsk;pl;20160802
Osowa;pl;20160802
Kielno;pl;20160803
Koleczkowo;pl;20160803
Bojano;pl;20160803
Gdynia;pl;20160804
Wiczlino;pl;20160804
£ê¿yce;pl;20160804
Rumia;pl;20160804
Kielno;pl;20160806
Kamieñ;pl;20160806
Solina;pl;20160808
Solina;pl;20160809
£obozew;pl;20160809
CzarnaDolna;pl;20160809
UstjanowaDolna;pl;20160809
Solina;pl;20160813
£obozew;pl;20160813
Polañczyk;pl;20160813
Bukowiec;pl;20160813
Sakowczyk;pl;20160813
Solina;pl;20160814
£obozew;pl;20160814
UstjanowaDolna;pl;20160814
Olszanica;pl;20160814
UherceMineralne;pl;20160814
Myczkowce;pl;20160814
Kielno;pl;20160817
Koleczkowo;pl;20160817
Bojano;pl;20160817
Matarnia;pl;20160818
Osowa;pl;20160818
Kielno;pl;20160820
Kamieñ;pl;20160820
Kielno;pl;20160821
Kamieñ;pl;20160821
Gdañsk;pl;20160823
Matarnia;pl;20160823
Osowa;pl;20160823
Kielno;pl;20160824
Koleczkowo;pl;20160824
Bojano;pl;20160824
Kielno;pl;20160827
Kamieñ;pl;20160827
Bytów;pl;20160828
Borzytuchom;pl;20160828
Kielno;pl;20160831
Kamieñ;pl;20160831
Wiczlino;pl;20160831
Gdañsk;pl;20160901
Matarnia;pl;20160901
Gdañsk;pl;20160902
Gdañsk;pl;20160905
Gdynia;pl;20160907
Wiczlino;pl;20160907
Koleczkowo;pl;20160907
Kielno;pl;20160907
Czeczewo;pl;20160907
Gdañsk;pl;20160907
Gdynia;pl;20160908
Wiczlino;pl;20160908
£ê¿yce;pl;20160908
Rumia;pl;20160908
Reda;pl;20160908
Koleczkowo;pl;20160911
Kielno;pl;20160911
Czeczewo;pl;20160911
TrzyRzeki;pl;20160911
Hopy;pl;20160911
Chwaszczyno;pl;20160911
Osowa;pl;20160911
Gdañsk;pl;20160912
Koleczkowo;pl;20160913
Kielno;pl;20160913
Czeczewo;pl;20160913
Kielno;pl;20160914
Koleczkowo;pl;20160914
Bojano;pl;20160914
Czeczewo;pl;20160915
Przodkowo;pl;20160915
Kielno;pl;20160915
Koleczkowo;pl;20160915
Wiczlino;pl;20160915
Wiczlino;pl;20160916
£ê¿yce;pl;20160916
Rumia;pl;20160916
Mechelinki;pl;20160916
Gdynia;pl;20160916
Barniewice;pl;20160918
Banino;pl;20160918
Miszewo;pl;20160918
Czeczewo;pl;20160918
Warzno;pl;20160918
Kielno;pl;20160918
Koleczkowo;pl;20160918
Wiczlino;pl;20160918
Gdynia;pl;20160919
Gdañsk;pl;20160919
Kielno;pl;20160921
Koleczkowo;pl;20160921
Bojano;pl;20160921
Osowa;pl;20160922
Matarnia;pl;20160922
Gdañsk;pl;20160922
Gdañsk;pl;20160923
Kielno;pl;20160924
Czeczewo;pl;20160924
TrzyRzeki;pl;20160924
Hopy;pl;20160924
Mas³owo;pl;20160924
SytnaGóra;pl;20160924
Przodkowo;pl;20160924
Wiczlino;pl;20160925
Rumia;pl;20160925
Rewa;pl;20160925
Mechelinki;pl;20160925
Osowa;pl;20160927
Gdañsk;pl;20160927
Otomin;pl;20160927
Wiczlino;pl;20160929
Koleczkowo;pl;20160929
Bieszkowice;pl;20160929
Kielno;pl;20161001
Kamieñ;pl;20161001
Szemud;pl;20161001
Kowalewo;pl;20161001
Osowa;pl;20161004
Matarnia;pl;20161004
Gdañsk;pl;20161005
Matarnia;pl;20161005
Matarnia;pl;20161006
Gdañsk;pl;20161006
Kielno;pl;20161009
Koleczkowo;pl;20161009
Wiczlino;pl;20161009
Gdañsk;pl;20161010
Matarnia;pl;20161010
Rêbiechowo;pl;20161010
Osowa;pl;20161010
Gdañsk;pl;20161012
Kielno;pl;20161013
Koleczkowo;pl;20161013
Wiczlino;pl;20161013
Kielno;pl;20161014
Koleczkowo;pl;20161014
Wiczlino;pl;20161014
Gdynia;pl;20161014
Wiczlino;pl;20161017
Koleczkowo;pl;20161017
Kielno;pl;20161017
Czeczewo;pl;20161017
Warzenko;pl;20161017
Wiczlino;pl;20161018
Bojano;pl;20161018
Kielno;pl;20161018
Matarnia;pl;20161019
Osowa;pl;20161019
Gdañsk;pl;20161021
Kielno;pl;20161023
Koleczkowo;pl;20161023
Wiczlino;pl;20161023
Chwaszczyno;pl;20161025
Warzenko;pl;20161025
Wiczlino;pl;20161027
Koleczkowo;pl;20161027
Kielno;pl;20161027
Gdañsk;pl;20161028
Kielno;pl;20161029
Koleczkowo;pl;20161029
Wiczlino;pl;20161029
Bojano;pl;20161030
Koleczkowo;pl;20161030
Wiczlino;pl;20161030
Matarnia;pl;20161104
Osowa;pl;20161104
Kielno;pl;20161105
Czeczewo;pl;20161105
Miszewo;pl;20161105
Kielno;pl;20161106
Kamieñ;pl;20161106
Matarnia;pl;20161108
Osowa;pl;20161108
Matarnia;pl;20161110
Osowa;pl;20161110
Chwaszczyno;pl;20161111
Bojano;pl;20161111
Gdañsk;pl;20161112
Chwaszczyno;pl;20161113
Czeczewo;pl;20161113
Kielno;pl;20161113
Bojano;pl;20161113
Gdynia;pl;20161113
Gdañsk;pl;20161114
Gdañsk;pl;20161116
Osowa;pl;20161116
Matarnia;pl;20161118
Osowa;pl;20161118
Chwaszczyno;pl;20161120
Czeczewo;pl;20161120
Kielno;pl;20161120
Bojano;pl;20161120
Koleczkowo;pl;20161120
Wiczlino;pl;20161120
Gdañsk;pl;20161121
Gdynia;pl;20161122
Bojano;pl;20161122
Gdañsk;pl;20161123
Matarnia;pl;20161123
Osowa;pl;20161123
Osowa;pl;20161124
Matarnia;pl;20161124
Gdañsk;pl;20161124
Gdañsk;pl;20161126
Matarnia;pl;20161126
Osowa;pl;20161126
Bojano;pl;20161127
Koleczkowo;pl;20161127
Wiczlino;pl;20161127
Osowa;pl;20161127
Osowa;pl;20161129
Matarnia;pl;20161129
Gdañsk;pl;20161129
Gdañsk;pl;20161130
Matarnia;pl;20161130
Osowa;pl;20161130
Tokary;pl;20161201
Warzenko;pl;20161201
Osowa;pl;20161201
Osowa;pl;20161202
Gdañsk;pl;20161202
Osowa;pl;20161203
Matarnia;pl;20161203
Chwaszczyno;pl;20161203
Gdynia;pl;20161203
Gdynia;pl;20161204
Gdañsk;pl;20161204
Gdañsk;pl;20161204
Gdynia;pl;20161205
Rumia;pl;20161205
Wiczlino;pl;20161205
Barniewice;pl;20161207
Banino;pl;20161207
Miszewo;pl;20161207
Gdynia;pl;20161207
Gdañsk;pl;20161208
Matarnia;pl;20161208
Bojano;pl;20161209
Wiczlino;pl;20161209
Gdynia;pl;20161209
Koleczkowo;pl;20161211
Wiczlino;pl;20161211
Gdynia;pl;20161211
Gdañsk;pl;20161212
Matarnia;pl;20161212
Osowa;pl;20161212
Gdañsk;pl;20161214
Matarnia;pl;20161214
Tokary;pl;20161215
Chwaszczyno;pl;20161215
Matarnia;pl;20161218
Chwaszczyno;pl;20161218
Gdynia;pl;20161218
Gdañsk;pl;20161219
Rêbiechowo;pl;20161219
Osowa;pl;20161219
Kielno;pl;20161220
Koleczkowo;pl;20161220
Wiczlino;pl;20161220
Gdañsk;pl;20161221
Osowa;pl;20161221
Wiczlino;pl;20161222
Gdynia;pl;20161222
Gdañsk;pl;20161223
Gdañsk;pl;20161225
Gdynia;pl;20161226
Mechelinki;pl;20161226
Gdañsk;pl;20161227
Matarnia;pl;20161227
Gdañsk;pl;20161228
Matarnia;pl;20161228
Gdañsk;pl;20161230
Otomin;pl;20161230
Czeczewo;pl;20161231
Kielno;pl;20161231
Koleczkowo;pl;20161231
Wiczlino;pl;20161231
Osowa;pl;20170101
Matarnia;pl;20170101
Osowa;pl;20170102
Matarnia;pl;20170102
Koleczkowo;pl;20170104
Wiczlino;pl;20170104
Gdañsk;pl;20170105
Gdañsk;pl;20170112
Chwaszczyno;pl;20170112
Gdynia;pl;20170112
Gdynia;pl;20170113
Wiczlino;pl;20170113
£ê¿yce;pl;20170113
Gdynia;pl;20170117
Wiczlino;pl;20170117
£ê¿yce;pl;20170117
Rumia;pl;20170117
Gdañsk;pl;20170118
Bojano;pl;20170118
Koleczkowo;pl;20170118
Wiczlino;pl;20170118
Gdynia;pl;20170118
Gdañsk;pl;20170119
Osowa;pl;20170119
Gdañsk;pl;20170121
Koleczkowo;pl;20170121
Wiczlino;pl;20170121
Gdynia;pl;20170121
Kielno;pl;20170122
Koleczkowo;pl;20170122
Bojano;pl;20170122
Gdañsk;pl;20170122
Gdynia;pl;20170123
Wiczlino;pl;20170123
Bojano;pl;20170123
Gdañsk;pl;20170124
Matarnia;pl;20170124
Osowa;pl;20170124
Gdañsk;pl;20170125
Rêbiechowo;pl;20170125
Osowa;pl;20170125
Gdañsk;pl;20170127
PruszczGdañski;pl;20170127
KrynicaMorska;pl;20170128
K±tyRybackie;pl;20170128
Sztutowo;pl;20170128
Jantar;pl;20170128
Mikoszewo;pl;20170128
PruszczGdañski;pl;20170128
Kielno;pl;20170129
Czeczewo;pl;20170129
Kielno;pl;20170130
Bojano;pl;20170130
Wiczlino;pl;20170201
Rumia;pl;20170201
Gdañsk;pl;20170202
Matarnia;pl;20170202
Wiczlino;pl;20170203
Rumia;pl;20170203
Osowa;pl;20170204
Matarnia;pl;20170204
Gdañsk;pl;20170204
Kielno;pl;20170205
Kamieñ;pl;20170205
Szemud;pl;20170205
NowyDwórWejherowski;pl;20170205
Bieszkowice;pl;20170205
Koleczkowo;pl;20170205
Bojano;pl;20170205
Gdañsk;pl;20170206
Matarnia;pl;20170206
Gdynia;pl;20170206
Gdañsk;pl;20170213
Matarnia;pl;20170213
Gdañsk;pl;20170214
Kowale;pl;20170214
Matarnia;pl;20170214
Osowa;pl;20170214
Gdynia;pl;20170215
Mechelinki;pl;20170215
Rumia;pl;20170215
Matarnia;pl;20170218
Miszewo;pl;20170218
Gdynia;pl;20170218
Gdynia;pl;20170219
Rumia;pl;20170219
Mrzezino;pl;20170219
Wiczlino;pl;20170219
Gdañsk;pl;20170220
Matarnia;pl;20170220
Gdynia;pl;20170221
Wiczlino;pl;20170221
Gdañsk;pl;20170221
Gdañsk;pl;20170222
Kielno;pl;20170224
Koleczkowo;pl;20170224
Wiczlino;pl;20170224
Gdynia;pl;20170224
Chwaszczyno;pl;20170224
Kielno;pl;20170225
Koleczkowo;pl;20170225
Wiczlino;pl;20170225
Gdynia;pl;20170225
Gdañsk;pl;20170225
Kielno;pl;20170226
Czeczewo;pl;20170226
Miszewo;pl;20170226
Matarnia;pl;20170226
Osowa;pl;20170226
Gdañsk;pl;20170227
Gdañsk;pl;20170301
Gdynia;pl;20170301
Rumia;pl;20170301
£ê¿yce;pl;20170301
Wiczlino;pl;20170301
Gdañsk;pl;20170302
Matarnia;pl;20170302
Gdynia;pl;20170303
Rumia;pl;20170303
Mrzezino;pl;20170303
Puck;pl;20170303
Kniewo;pl;20170304
Kniewo;pl;20170304
Rybno;pl;20170304
Czymanowo;pl;20170304
Sobieñczyce;pl;20170304
Krokowa;pl;20170304
Werblinia;pl;20170304
Po³czyno;pl;20170304
Puck;pl;20170304
Puck;pl;20170305
Rzucewo;pl;20170305
Mrzezino;pl;20170305
Rumia;pl;20170305
Gdynia;pl;20170305
Gdañsk;pl;20170306
Gdañsk;pl;20170308
Kielno;pl;20170308
Koleczkowo;pl;20170308
Wiczlino;pl;20170308
Gdañsk;pl;20170310
¦winouj¶cie;pl;20170311
Ahlbeck;de;20170311
Herinsgdorf;de;20170311
Peenemunde;de;20170311
Godêtowo;pl;20170312
Strzepcz;pl;20170312
£ebno;pl;20170312
Czeczewo;pl;20170312
Chwaszczyno;pl;20170312
Gdañsk;pl;20170313
Kielno;pl;20170315
Koleczkowo;pl;20170315
Bojano;pl;20170315
Gdynia;pl;20170316
Wiczlino;pl;20170316
£ê¿yce;pl;20170316
Rumia;pl;20170316
Chwaszczyno;pl;20170316
Gdañsk;pl;20170317
Matarnia;pl;20170317
Kielno;pl;20170319
Koleczkowo;pl;20170319
Wiczlino;pl;20170319
Gdynia;pl;20170319
Chwaszczyno;pl;20170319
Gdañsk;pl;20170320
Matarnia;pl;20170320
Gdañsk;pl;20170321
Kielno;pl;20170322
Koleczkowo;pl;20170322
Bojano;pl;20170322
Gdynia;pl;20170323
Wiczlino;pl;20170323
£ê¿yce;pl;20170323
Rumia;pl;20170323
Chwaszczyno;pl;20170323
Matarnia;pl;20170325
Banino;pl;20170325
Miszewo;pl;20170325
Chwaszczyno;pl;20170325
Kielno;pl;20170326
Kamieñ;pl;20170326
Szemud;pl;20170326
NowyDwórWejherowski;pl;20170326
Bieszkowice;pl;20170326
Koleczkowo;pl;20170326
Wiczlino;pl;20170326
Gdañsk;pl;20170327
Matarnia;pl;20170327
Osowa;pl;20170327
Gdañsk;pl;20170328
Matarnia;pl;20170328
Rêbiechowo;pl;20170328
Barniewice;pl;20170328
Gdañsk;pl;20170329
Chwaszczyno;pl;20170329
Bojano;pl;20170330
Kielno;pl;20170330
Koleczkowo;pl;20170330
Gdañsk;pl;20170331
Matarnia;pl;20170331
Gdañsk;pl;20170401
Matarnia;pl;20170401
Kielno;pl;20170401
Kamieñ;pl;20170401
Szemud;pl;20170401
NowyDwórWejherowski;pl;20170401
Bieszkowice;pl;20170401
Koleczkowo;pl;20170401
Wiczlino;pl;20170401
Chwaszczyno;pl;20170402
Gdynia;pl;20170402
Rumia;pl;20170402
Rewa;pl;20170402
Gdañsk;pl;20170403
Matarnia;pl;20170403
Gdañsk;pl;20170405
Kielno;pl;20170405
Koleczkowo;pl;20170405
Bojano;pl;20170405
Gdañsk;pl;20170406
Matarnia;pl;20170406
Kwidzyn;pl;20170408
Piek³o;pl;20170408
Tczew;pl;20170408
PruszczGdañski;pl;20170408
Gdañsk;pl;20170408
Gdynia;pl;20170409
Rumia;pl;20170409
Reda;pl;20170409
Celbowo;pl;20170409
Puck;pl;20170409
Mrzezino;pl;20170409
Rumia;pl;20170410
Rewa;pl;20170410
Gdynia;pl;20170410
Gdañsk;pl;20170411
Kielno;pl;20170413
Koleczkowo;pl;20170413
Wiczlino;pl;20170413
Gdañsk;pl;20170414
Matarnia;pl;20170414
Gdynia;pl;20170416
Rewa;pl;20170416
Rumia;pl;20170416
Koleczkowo;pl;20170416
Bojano;pl;20170416
Gdynia;pl;20170417
Mrzezino;pl;20170417
Puck;pl;20170417
Reda;pl;20170417
Rumia;pl;20170417
Gdañsk;pl;20170418
Le¼no;pl;20170418
Pêpowo;pl;20170418
Banino;pl;20170418
Gdañsk;pl;20170419
Kielno;pl;20170419
Kamieñ;pl;20170419
Gdañsk;pl;20170420
Matarnia;pl;20170420
Rêbiechowo;pl;20170420
Barniewice;pl;20170420
Bojano;pl;20170422
Koleczkowo;pl;20170422
Rumia;pl;20170422
Gdynia;pl;20170422
Wiczlino;pl;20170422
Kwidzyn;pl;20170423
Piek³o;pl;20170423
Tczew;pl;20170423
PruszczGdañski;pl;20170423
Gdañsk;pl;20170423
Gdañsk;pl;20170425
Matarnia;pl;20170425
Gdañsk;pl;20170426
Kielno;pl;20170426
Koleczkowo;pl;20170426
Bojano;pl;20170426
Gdañsk;pl;20170427
Tczew;pl;20170428
Kwidzyn;pl;20170428
Bachotek;pl;20170428
Lubawa;pl;20170430
NoweMiastoLubawskie;pl;20170430
Bachotek;pl;20170430
Jab³onowo;pl;20170501
Bachotek;pl;20170501
NoweMiastoLubawskie;pl;20170502
Bachotek;pl;20170503
Malbork;pl;20170503
NowyStaw;pl;20170503
Gdañsk;pl;20170504
Lniska;pl;20170506
Przyja¼ñ;pl;20170506
Kolbudy;pl;20170506
Rumia;pl;20170507
Rewa;pl;20170507
Gdynia;pl;20170507
Osowa;pl;20170508
Matarnia;pl;20170508
Osowa;pl;20170509
Matarnia;pl;20170509
Bojano;pl;20170510
Wiczlino;pl;20170510
Kwidzyn;pl;20170512
Piek³o;pl;20170512
Tczew;pl;20170512
PruszczGdañski;pl;20170512
Gdañsk;pl;20170512
Kwidzyn;pl;20170513
Piek³o;pl;20170513
Tczew;pl;20170513
PruszczGdañski;pl;20170513
Gdañsk;pl;20170513
Kamieñ;pl;20170514
Gdañsk;pl;20170515
Osowa;pl;20170515
Gdañsk;pl;20170516
PruszczGdañski;pl;20170516
Kiezmark;pl;20170516
Lubieszewo;pl;20170516
NowyStaw;pl;20170516
LisewoMalborskie;pl;20170516
Tczew;pl;20170516
Kielno;pl;20170517
Koleczkowo;pl;20170517
Gdynia;pl;20170518
Rumia;pl;20170518
Kamieñ;pl;20170520
Rewa;pl;20170521
Rumia;pl;20170521
Gdañsk;pl;20170522
Bojano;pl;20170524
Koleczkowo;pl;20170524
Wiczlino;pl;20170524
Miszewo;pl;20170525
Pêpowo;pl;20170525
Le¼no;pl;20170525
Majewo;pl;20170527
Kwidzyn;pl;20170527
Kwidzyn;pl;20170527
Piek³o;pl;20170527
Tczew;pl;20170527
PruszczGdañski;pl;20170527
Gdañsk;pl;20170527
Kamieñ;pl;20170528
Szemud;pl;20170528
Wejherowo;pl;20170528
Reda;pl;20170528
Puck;pl;20170528
Mrzezino;pl;20170528
Gdynia;pl;20170528
Gdañsk;pl;20170529
Matarnia;pl;20170529
Gdañsk;pl;20170531
Koleczkowo;pl;20170531
Wiczlino;pl;20170531
Gdañsk;pl;20170601
Gdañsk;pl;20170602
Matarnia;pl;20170602
Kielno;pl;20170603
TrzyRzeki;pl;20170603
Hopy;pl;20170603
£ebno;pl;20170603
Milwino;pl;20170603
Wejherowo;pl;20170603
NowyDwórWejherowski;pl;20170603
Rumia;pl;20170604
Rewa;pl;20170604
Matarnia;pl;20170606
Le¼no;pl;20170606
Pêpowo;pl;20170606
Miszewo;pl;20170606
Koleczkowo;pl;20170606
Wiczlino;pl;20170606
Koleczkowo;pl;20170607
Wiczlino;pl;20170607
Rumia;pl;20170608
Rewa;pl;20170608
Gdañsk;pl;20170609
Gdynia;pl;20170609
Sopot;pl;20170610
Kielno;pl;20170610
Kamieñ;pl;20170610
Szemud;pl;20170610
NowyDwórWejherowski;pl;20170610
Bieszkowice;pl;20170610
Koleczkowo;pl;20170610
Wiczlino;pl;20170610
Kielno;pl;20170611
Kamieñ;pl;20170611
Szemud;pl;20170611
NowyDwórWejherowski;pl;20170611
Bieszkowice;pl;20170611
Koleczkowo;pl;20170611
Wiczlino;pl;20170611
Gdañsk;pl;20170612
Gdañsk;pl;20170613
Matarnia;pl;20170613
Le¼no;pl;20170613
Pêpowo;pl;20170613
Miszewo;pl;20170613
Gdañsk;pl;20170614
Koleczkowo;pl;20170614
Rumia;pl;20170614
Pierwoszyno;pl;20170614
Wiczlino;pl;20170614
Gdañsk;pl;20170615
Gdynia;pl;20170615
Pierwoszyno;pl;20170615
Mechelinki;pl;20170615
Gdañsk;pl;20170616
Kielno;pl;20170618
Kamieñ;pl;20170618
Szemud;pl;20170618
NowyDwórWejherowski;pl;20170618
Bieszkowice;pl;20170618
Bojano;pl;20170618
Chwaszczyno;pl;20170618
Matarnia;pl;20170619
¯ukowo;pl;20170619
Miszewo;pl;20170619
Gdañsk;pl;20170620
Gdañsk;pl;20170621
Kielno;pl;20170621
Koleczkowo;pl;20170621
Bojano;pl;20170621
Gdynia;pl;20170622
Gdañsk;pl;20170622
Gdynia;pl;20170623
Gdañsk;pl;20170623
Miszewo;pl;20170623
Czeczewo;pl;20170623
Kielno;pl;20170623
Koleczkowo;pl;20170623
Gdynia;pl;20170623
Gdañsk;pl;20170624
Kolbudy;pl;20170624
Przyja¼ñ;pl;20170624
Lniska;pl;20170624
¯ukowo;pl;20170624
Miszewo;pl;20170624
Kielno;pl;20170625
Czeczewo;pl;20170625
Miszewo;pl;20170625
Pêpowo;pl;20170625
Matarnia;pl;20170625
Mikoszewo;pl;20170627
Jantar;pl;20170627
Sztutowo;pl;20170627
PruszczGdañski;pl;20170627
K±tyRybackie;pl;20170627
NowyDwórGdañski;pl;20170627
NowyStaw;pl;20170627
Malbork;pl;20170627
StaryTarg;pl;20170627
Sztum;pl;20170627
Piek³o;pl;20170627
Tczew;pl;20170627
Koleczkowo;pl;20170628
Bojano;pl;20170628
Gdynia;pl;20170630
Gdañsk;pl;20170630
Gdañsk;pl;20170701
Hopy;pl;20170701
PomieczyñskaHuta;pl;20170701
Gdañsk;pl;20170702
Kielno;pl;20170702
Czeczewo;pl;20170702
¯ukowo;pl;20170702
Pêpowo;pl;20170702
Gdynia;pl;20170703
Gdañsk;pl;20170703
Gdynia;pl;20170704
Pierwoszyno;pl;20170704
Mechelinki;pl;20170704
Matarnia;pl;20170705
Banino;pl;20170705
Miszewo;pl;20170705
Gdañsk;pl;20170705
Gdañsk;pl;20170706
Matarnia;pl;20170706
Matarnia;pl;20170707
Banino;pl;20170707
Miszewo;pl;20170707
Gdañsk;pl;20170707
Gdañsk;pl;20170708
Pêpowo;pl;20170708
Rêbiechowo;pl;20170708
Matarnia;pl;20170708
Gdañsk;pl;20170708
Puck;pl;20170709
W³adys³awowo;pl;20170709
JastrzêbiaGóra;pl;20170709
£ebcz;pl;20170709
Gdañsk;pl;20170710
Gdynia;pl;20170710
Gdañsk;pl;20170711
Pêpowo;pl;20170711
Miszewo;pl;20170711
PruszczGdañski;pl;20170713
Kiezmark;pl;20170713
Lubieszewo;pl;20170713
NowyStaw;pl;20170713
Malbork;pl;20170713
Dzie¿goñ;pl;20170713
Ma³dyty;pl;20170713
Mi³om³yn;pl;20170713
Ostróda;pl;20170713
Ostróda;pl;20170714
Gierzwa³d;pl;20170714
Stêbark;pl;20170714
Ostróda;pl;20170715
Gierzwa³d;pl;20170715
Stêbark;pl;20170715
Ostróda;pl;20170716
Mi³om³yn;pl;20170716
Ma³dyty;pl;20170716
Pas³êk;pl;20170716
Frombork;pl;20170716
Elbl±g;pl;20170716
StarePole;pl;20170716
Gdañsk;pl;20170718
Mikoszewo;pl;20170718
Stegna;pl;20170718
Kiezmark;pl;20170718
PruszczGdañski;pl;20170718
Gdynia;pl;20170720
Gdañsk;pl;20170720
Gdañsk;pl;20170721
Gdynia;pl;20170722
Puck;pl;20170722
JastrzêbiaGóra;pl;20170722
Karwia;pl;20170722
Krokowa;pl;20170722
¯arnowiec;pl;20170722
Nadole;pl;20170722
Ty³owo;pl;20170722
Wejherowo;pl;20170722
Reda;pl;20170722
Rumia;pl;20170722
Gdañsk;pl;20170723
SuchyD±b;pl;20170723
Tczew;pl;20170723
Gdañsk;pl;20170724
Gdynia;pl;20170724
Wiczlino;pl;20170724
Rumia;pl;20170724
Reda;pl;20170724
Gdañsk;pl;20170725
Gdañsk;pl;20170726
Gdañsk;pl;20170727
Gdañsk;pl;20170728
Gdynia;pl;20170729
Puck;pl;20170729
JastrzêbiaGóra;pl;20170729
Karwia;pl;20170729
Rumia;pl;20170729
Kamieñ;pl;20170730
Gdynia;pl;20170731
Pêpowo;pl;20170731
Miszewo;pl;20170801
Chwaszczyno;pl;20170801
Kielno;pl;20170802
Koleczkowo;pl;20170802
Bojano;pl;20170802
Elbl±g;pl;20170803
Pas³êk;pl;20170803
Godkowo;pl;20170803
Olkowo;pl;20170803
Orneta;pl;20170803
Pieniê¿no;pl;20170803
GórowoI³awieckie;pl;20170803
Krzywe;pl;20170804
Sejny;pl;20170804
Krzywe;pl;20170805
RuskaBuda;pl;20170805
Krzywe;pl;20170806
Suwa³ki;pl;20170806
Jeleniewo;pl;20170806
Hañcza;pl;20170806
K³ajpeda;pl;20170806
Smolniki;pl;20170806
Sidory;pl;20170806
Krzywe;pl;20170807
RuskaBuda;pl;20170807
Kielno;pl;20170808
Koleczkowo;pl;20170808
Wiczlino;pl;20170808
Gdynia;pl;20170809
Gdañsk;pl;20170809
Kielno;pl;20170809
Koleczkowo;pl;20170809
Bojano;pl;20170809
Gdynia;pl;20170810
Koleczkowo;pl;20170811
Gdynia;pl;20170812
Rewa;pl;20170812
Gdynia;pl;20170813
Mechelinki;pl;20170813
Grudzi±dz;pl;20170814
Che³mno;pl;20170814
Grudzi±dz;pl;20170815
RadzyñChe³miñski;pl;20170815
Grudzi±dz;pl;20170816
Warlubie;pl;20170816
Nowe;pl;20170816
Gniew;pl;20170816
Tczew;pl;20170816
Gdynia;pl;20170818
Gdañsk;pl;20170818
Pêpowo;pl;20170818
Miszewo;pl;20170818
Kamieñ;pl;20170819
Pêpowo;pl;20170820
Miszewo;pl;20170820
Kamieñ;pl;20170820
Szemud;pl;20170820
Gdynia;pl;20170821
StaraLubovna;sk;20170822
Plavec;sk;20170822
StaraLubovna;sk;20170823
Plavec;sk;20170823
Leluchów;pl;20170823
Budapest;hu;20170825
Budapest;hu;20170826
Kolbudy;pl;20170828
Gdynia;pl;20170828
Gdañsk;pl;20170829
Kielno;pl;20170831
Koleczkowo;pl;20170831
Gdynia;pl;20170831
Rumia;pl;20170831
Matarnia;pl;20170901
Rêbiechowo;pl;20170901
Osowa;pl;20170902
Gdañsk;pl;20170902
Kamieñ;pl;20170903
Kielno;pl;20170903
Koleczkowo;pl;20170903
Wiczlino;pl;20170903
Gdynia;pl;20170905
Rewa;pl;20170905
Matarnia;pl;20170907
Rêbiechowo;pl;20170907
Matarnia;pl;20170908
Rêbiechowo;pl;20170908
Kamieñ;pl;20170909
Szemud;pl;20170909
Kamieñ;pl;20170910
Koleczkowo;pl;20170910
Matarnia;pl;20170911
Osowa;pl;20170911
Kielno;pl;20170912
Koleczkowo;pl;20170912
Gdynia;pl;20170912
Gdañsk;pl;20170913
Matarnia;pl;20170913
Szemud;pl;20170916
Kamieñ;pl;20170916
Koleczkowo;pl;20170917
Kielno;pl;20170917
TrzyRzeki;pl;20170917
Czeczewo;pl;20170917
Koleczkowo;pl;20170919
Bojano;pl;20170919
Kielno;pl;20170920
Czeczewo;pl;20170920
TrzyRzeki;pl;20170920
Hopy;pl;20170920
Mas³owo;pl;20170920
SytnaGóra;pl;20170920
Gdañsk;pl;20170921
Matarnia;pl;20170921
Banino;pl;20170921
Barniewice;pl;20170921
Gdañsk;pl;20170923
Kielno;pl;20170923
Czeczewo;pl;20170923
NowyDwórGdañski;pl;20170924
NowyStaw;pl;20170924
Malbork;pl;20170924
Sztum;pl;20170924
Piek³o;pl;20170924
Mi³oradz;pl;20170924
Mikoszewo;pl;20170924
Stegna;pl;20170924
Gdañsk;pl;20170925
Wiczlino;pl;20170927
Koleczkowo;pl;20170927
Kielno;pl;20170927
Wiczlino;pl;20170928
Koleczkowo;pl;20170928
NowyDwórWejherowski;pl;20170928
Kiezmark;pl;20170930
Tczew;pl;20170930
Gdañsk;pl;20170930
Kamieñ;pl;20171001
Kowalewo;pl;20171001
Czeczewo;pl;20171001
Warzno;pl;20171001
Kamieñ;pl;20171002
Kowalewo;pl;20171002
Czeczewo;pl;20171002
Warzno;pl;20171002
Kamieñ;pl;20171009
Kamieñ;pl;20171010
Kowalewo;pl;20171010
Czeczewo;pl;20171010
Warzno;pl;20171010
Kamieñ;pl;20171011
Miszewo;pl;20171014
Przodkowo;pl;20171014
Czeczewo;pl;20171014
Tokary;pl;20171014
Kielno;pl;20171015
Kamieñ;pl;20171015
Czeczewo;pl;20171015
Warzno;pl;20171015
Wiczlino;pl;20171016
Rumia;pl;20171016
Rewa;pl;20171016
Gdañsk;pl;20171017
Matarnia;pl;20171017
Kielno;pl;20171018
Koleczkowo;pl;20171018
Gdynia;pl;20171019
TrzyRzeki;pl;20171022
Przodkowo;pl;20171022
Gdañsk;pl;20171023
Matarnia;pl;20171023
Gdañsk;pl;20171024
PruszczGdañski;pl;20171024
Gdañsk;pl;20171025
Kielno;pl;20171028
Koleczkowo;pl;20171028
Wiczlino;pl;20171028
Gdañsk;pl;20171029
Osowa;pl;20171029
Gdynia;pl;20171030
Miszewo;pl;20171030
Pêpowo;pl;20171030
Banino;pl;20171030
Gdañsk;pl;20171031
Gdynia;pl;20171102
Chwaszczyno;pl;20171102
Gdynia;pl;20171103
Kielno;pl;20171104
Kamieñ;pl;20171104
Czeczewo;pl;20171104
Miszewo;pl;20171105
Przodkowo;pl;20171105
Pomieczyno;pl;20171105
JeleñskaHuta;pl;20171105
Kamieñ;pl;20171105
Chwaszczyno;pl;20171106
Gdynia;pl;20171106
Wiczlino;pl;20171107
Koleczkowo;pl;20171107
Bieszkowice;pl;20171107
NowyDwórWejherowski;pl;20171107
Kielno;pl;20171108
Koleczkowo;pl;20171108
Warzno;pl;20171108
Kielno;pl;20171110
Czeczewo;pl;20171110
TrzyRzeki;pl;20171110
Pomieczyno;pl;20171110
JeleñskaHuta;pl;20171110
Kamieñ;pl;20171110
Gdañsk;pl;20171111
Czeczewo;pl;20171112
Kielno;pl;20171114
Koleczkowo;pl;20171114
Wiczlino;pl;20171114
Chwaszczyno;pl;20171114
Gdynia;pl;20171115
Po³chowo;pl;20171115
Reda;pl;20171115
Rumia;pl;20171115
Gdañsk;pl;20171116
Matarnia;pl;20171116
Osowa;pl;20171116
Kielno;pl;20171118
Czeczewo;pl;20171118
TrzyRzeki;pl;20171118
Pomieczyno;pl;20171118
JeleñskaHuta;pl;20171118
Kamieñ;pl;20171118
¯ukowo;pl;20171119
Pêpowo;pl;20171119
Miszewo;pl;20171119
Miszewo;pl;20171121
Przodkowo;pl;20171121
Pomieczyno;pl;20171121
JeleñskaHuta;pl;20171121
Kamieñ;pl;20171121
Kielno;pl;20171121
Gdynia;pl;20171122
Rumia;pl;20171122
Wiczlino;pl;20171122
Gdañsk;pl;20171123
Kielno;pl;20171123
Kielno;pl;20171127
Kowalewo;pl;20171127
Kielno;pl;20171128
Kowalewo;pl;20171128
K³osówko;pl;20171128
Kielno;pl;20171129
Kowalewo;pl;20171129
K³osówko;pl;20171129
Chwaszczyno;pl;20171130
Bojano;pl;20171130
Wiczlino;pl;20171130
Kamieñ;pl;20171202
Szemud;pl;20171202
Miszewo;pl;20171203
Przodkowo;pl;20171203
Czeczewo;pl;20171203
Kielno;pl;20171203
Gdañsk;pl;20171204
Matarnia;pl;20171204
Gdañsk;pl;20171205
Matarnia;pl;20171205
Gdañsk;pl;20171206
Matarnia;pl;20171207
Kwidzyn;pl;20171208
Szemud;pl;20171209
Mechelinki;pl;20171210
Rumia;pl;20171210
Gdañsk;pl;20171211
Wiczlino;pl;20171212
Rumia;pl;20171212
Kielno;pl;20171213
Koleczkowo;pl;20171213
Bojano;pl;20171213
Gdañsk;pl;20171214
Gdynia;pl;20171217
Rewa;pl;20171217
Rumia;pl;20171217
Gdañsk;pl;20171218
Kielno;pl;20171219
Koleczkowo;pl;20171219
Wiczlino;pl;20171219
Gdañsk;pl;20171220
Matarnia;pl;20171220
Rumia;pl;20171221
Rumia;pl;20171222
Koleczkowo;pl;20171223
Wiczlino;pl;20171223
Rêbiechowo;pl;20171224
Barniewice;pl;20171224
Gdañsk;pl;20171224
Gdañsk;pl;20171225
Chwaszczyno;pl;20171225
Gdynia;pl;20171225
Mrzezino;pl;20171226
Reda;pl;20171226
Rumia;pl;20171226
Kartuzy;pl;20171227
Banino;pl;20171228
Miszewo;pl;20171228
Koleczkowo;pl;20171229
Kielno;pl;20171229
Czeczewo;pl;20171229
Puck;pl;20171230
£ebcz;pl;20171230
¯ukowo;pl;20171231
Matarnia;pl;20171231
Gdañsk;pl;20171231
Rumia;pl;20180101
Reda;pl;20180101
Puck;pl;20180101
W³adys³awowo;pl;20180101
Gdañsk;pl;20180102
Gdañsk;pl;20180103
Kolbudy;pl;20180103
Prêgowo;pl;20180103
Warcz;pl;20180103
Mierzeszyn;pl;20180103
Gdañsk;pl;20180104
Gdañsk;pl;20180106
Kolbudy;pl;20180106
Prêgowo;pl;20180106
Rumia;pl;20180107
Wiczlino;pl;20180107
Koleczkowo;pl;20180107
Bojano;pl;20180107
Warzno;pl;20180107
Gdañsk;pl;20180108
Matarnia;pl;20180108
Gdañsk;pl;20180109
Gdañsk;pl;20180110
Rumia;pl;20180111
Mechelinki;pl;20180111
Gdañsk;pl;20180112
Tczew;pl;20180114
Kwidzyn;pl;20180114
Sztum;pl;20180114
Wiczlino;pl;20180115
Rumia;pl;20180115
Gdañsk;pl;20180117
Wiczlino;pl;20180118
Rumia;pl;20180118
Gdañsk;pl;20180119
Miszewo;pl;20180120
¯ukowo;pl;20180120
Borcz;pl;20180120
Gdañsk;pl;20180121
Otomin;pl;20180121
Gdañsk;pl;20180122
Matarnia;pl;20180122
Rumia;pl;20180124
Czeczewo;pl;20180125
Rumia;pl;20180126
¯ukowo;pl;20180128
Borkowo;pl;20180128
¯ukowo;pl;20180129
Matarnia;pl;20180130
Gdañsk;pl;20180131
Kielno;pl;20180201
Koleczkowo;pl;20180201
Bojano;pl;20180201
Gdañsk;pl;20180202
Gdañsk;pl;20180203
Gdynia;pl;20180204
Rumia;pl;20180204
Kamieñ;pl;20180211
Gdañsk;pl;20180212
Kielno;pl;20180213
Gdañsk;pl;20180214
Gdañsk;pl;20180215
Miszewo;pl;20180217
Pêpowo;pl;20180217
Miszewo;pl;20180218
Pêpowo;pl;20180218
Miszewo;pl;20180220
Pêpowo;pl;20180220
Gdañsk;pl;20180222
Matarnia;pl;20180222
Chwaszczyno;pl;20180224
Gdynia;pl;20180224
Rewa;pl;20180304
Rumia;pl;20180304
Gdañsk;pl;20180310
Matarnia;pl;20180310
Rewa;pl;20180311
Mechelinki;pl;20180311
Gdynia;pl;20180311
Koleczkowo;pl;20180312
Wiczlino;pl;20180312
Kielno;pl;20180313
Koleczkowo;pl;20180313
Wiczlino;pl;20180313
Kielno;pl;20180314
Koleczkowo;pl;20180314
Wiczlino;pl;20180314
Kielno;pl;20180315
Koleczkowo;pl;20180315
Wiczlino;pl;20180315
Matarnia;pl;20180317
Banino;pl;20180317
Czeczewo;pl;20180317
Kielno;pl;20180317
Koleczkowo;pl;20180317
Wiczlino;pl;20180317
Rewa;pl;20180318
Rumia;pl;20180318
Gdynia;pl;20180318
Matarnia;pl;20180321
Pêpowo;pl;20180321
Gdañsk;pl;20180322
Majewo;pl;20180324
Kwidzyn;pl;20180324
Kwidzyn;pl;20180324
Tczew;pl;20180324
Gdañsk;pl;20180324
¯ukowo;pl;20180326
Kartuzy;pl;20180326
¯ukowo;pl;20180327
¯ukowo;pl;20180328
Borkowo;pl;20180328
Lniska;pl;20180330
Gdynia;pl;20180331
¯elistrzewo;pl;20180331
Puck;pl;20180331
Reda;pl;20180331
Rumia;pl;20180331
Gdynia;pl;20180401
Mechelinki;pl;20180401
Gdynia;pl;20180402
Puck;pl;20180402
¯ukowo;pl;20180403
Gdañsk;pl;20180404
Gdañsk;pl;20180405
Gdañsk;pl;20180406
Matarnia;pl;20180406
Majewo;pl;20180407
Kwidzyn;pl;20180407
Kwidzyn;pl;20180407
Piek³o;pl;20180407
Tczew;pl;20180407
Gdañsk;pl;20180407
Majewo;pl;20180408
Kwidzyn;pl;20180408
Kwidzyn;pl;20180408
Malbork;pl;20180408
Tczew;pl;20180408
Gdañsk;pl;20180408
Gdañsk;pl;20180409
Gdañsk;pl;20180410
Gdañsk;pl;20180410
Gdañsk;pl;20180411
Rêbiechowo;pl;20180411
Barniewice;pl;20180411
Koleczkowo;pl;20180412
Wiczlino;pl;20180412
Gdañsk;pl;20180413
Reda;pl;20180414
Pierwoszyno;pl;20180414
Banino;pl;20180415
Miszewo;pl;20180415
Koleczkowo;pl;20180415
Wiczlino;pl;20180415
Osowa;pl;20180416
Gdañsk;pl;20180416
Kielno;pl;20180417
Koleczkowo;pl;20180417
Gdañsk;pl;20180417
¦wibno;pl;20180418
Gdañsk;pl;20180418
Lniska;pl;20180419
Matarnia;pl;20180419
Gdañsk;pl;20180420
Prabuty;pl;20180421
Kwidzyn;pl;20180421
Gniew;pl;20180421
Tczew;pl;20180421
Gdañsk;pl;20180421
Gdañsk;pl;20180422
PruszczGdañski;pl;20180422
Kiezmark;pl;20180422
Stegna;pl;20180422
NowyDwórGdañski;pl;20180422
Gdañsk;pl;20180423
Czeczewo;pl;20180424
Kielno;pl;20180424
Gdañsk;pl;20180427
PruszczGdañski;pl;20180427
Tczew;pl;20180427
Malbork;pl;20180427
Dzierzgoñ;pl;20180427
Susz;pl;20180427
I³awa;pl;20180427
NoweMiastoLubawskie;pl;20180427
Bachotek;pl;20180427
Brodnica;pl;20180428
Bachotek;pl;20180428
Bachotek;pl;20180429
NoweMiastoLubawskie;pl;20180429
I³awa;pl;20180429
Ostróda;pl;20180429
Mi³om³yn;pl;20180429
Mor±g;pl;20180429
Zbo¿ne;pl;20180429
Markowo;pl;20180429
Godkowo;pl;20180429
Ba¿yny;pl;20180429
Nowica;pl;20180429
Chru¶ciel;pl;20180429
Braniewo;pl;20180429
NowaPas³êka;pl;20180430
Braniewo;pl;20180430
Pieniê¿no;pl;20180430
GórowoI³awieckie;pl;20180430
¯ywkowo;pl;20180430
Orneta;pl;20180430
Pakosze;pl;20180430
P³oskinia;pl;20180430
NowaPas³êka;pl;20180501
Braniewo;pl;20180501
Frombork;pl;20180501
Tolkmicko;pl;20180501
Suchacz;pl;20180501
Nowakowo;pl;20180501
KêpaRybacka;pl;20180501
Kêpki;pl;20180501
Marzêcino;pl;20180501
Sztutowo;pl;20180501
Stegna;pl;20180501
Mikoszewo;pl;20180501
Gdañsk;pl;20180501
Gdañsk;pl;20180502
Rewa;pl;20180503
Gdynia;pl;20180504
Elbl±g;pl;20180505
Tolkmicko;pl;20180505
Otomin;pl;20180506
Lniska;pl;20180506
Rumia;pl;20180507
Mechelinki;pl;20180507
Rumia;pl;20180508
Gdynia;pl;20180509
Gdañsk;pl;20180509
Kielno;pl;20180509
Koleczkowo;pl;20180509
Kielno;pl;20180510
Czeczewo;pl;20180510
Gdynia;pl;20180511
Gdañsk;pl;20180511
Czeczewo;pl;20180511
TrzyRzeki;pl;20180511
Gdynia;pl;20180513
Reda;pl;20180513
W³adys³awowo;pl;20180513
Cha³upy;pl;20180513
£ebcz;pl;20180513
Puck;pl;20180513
Mrzezino;pl;20180513
Gdañsk;pl;20180514
Gdañsk;pl;20180515
Kielno;pl;20180516
Koleczkowo;pl;20180516
Gdynia;pl;20180516
Gdañsk;pl;20180516
Gdynia;pl;20180517
Gdañsk;pl;20180517
Gdañsk;pl;20180517
Gdañsk;pl;20180518
Matarnia;pl;20180518
Skarszewy;pl;20180519
Starogard;pl;20180519
Pelplin;pl;20180519
Gdynia;pl;20180520
Puck;pl;20180520
W³adys³awowo;pl;20180520
Mrzezino;pl;20180520
Gdañsk;pl;20180521
Gdañsk;pl;20180522
Otomin;pl;20180522
Lniska;pl;20180522
Pêpowo;pl;20180522
Barniewice;pl;20180522
Gdynia;pl;20180523
Puck;pl;20180523
W³adys³awowo;pl;20180523
Mrzezino;pl;20180523
Cha³upy;pl;20180523
Jastarnia;pl;20180523
Jurata;pl;20180523
Gdañsk;pl;20180524
Kwidzyn;pl;20180525
Grudzi±dz;pl;20180526
Nowe;pl;20180526
Malbork;pl;20180527
NowyStaw;pl;20180527
Gdynia;pl;20180528
Gdañsk;pl;20180528
Koleczkowo;pl;20180528
Wiczlino;pl;20180528
Miszewo;pl;20180529
Miszewo;pl;20180530
Miszewo;pl;20180531
Miszewo;pl;20180531
Gdañsk;pl;20180601
Gdañsk;pl;20180601
Gdynia;pl;20180602
Kamieñ;pl;20180602
Rewa;pl;20180603
Gdañsk;pl;20180604
Czeczewo;pl;20180604
Gdañsk;pl;20180605
Otomin;pl;20180605
Niestêpowo;pl;20180605
Lniska;pl;20180605
Gdañsk;pl;20180606
Czeczewo;pl;20180606
Gdañsk;pl;20180606
Gdañsk;pl;20180607
Otomin;pl;20180607
Niestêpowo;pl;20180607
Lniska;pl;20180607
Gdañsk;pl;20180608
Kamieñ;pl;20180609
Czeczewo;pl;20180609
Sulêczyno;pl;20180610
Czeczewo;pl;20180610
Pêpowo;pl;20180611
Przodkowo;pl;20180611
Gdañsk;pl;20180612
Gdañsk;pl;20180612
Gdañsk;pl;20180613
Gdañsk;pl;20180614
Kwidzyn;pl;20180616
Kwidzyn;pl;20180616
Tczew;pl;20180616
Gdañsk;pl;20180616
Gdynia;pl;20180617
Mechelinki;pl;20180617
Kielno;pl;20180617
Czeczewo;pl;20180617
Gdañsk;pl;20180618
Gdañsk;pl;20180619
Gdañsk;pl;20180619
Gdañsk;pl;20180620
Gdañsk;pl;20180620
Gdañsk;pl;20180621
Gdañsk;pl;20180621
Gdañsk;pl;20180622
Gdañsk;pl;20180622
Kamieñ;pl;20180623
Kielno;pl;20180623
Gdañsk;pl;20180625
Gdañsk;pl;20180625
Gdañsk;pl;20180626
Otomin;pl;20180626
Gdañsk;pl;20180628
Otomin;pl;20180628
Lniska;pl;20180628
Gdynia;pl;20180628
K±tyRybackie;pl;20180628
Sztutowo;pl;20180628
Stegna;pl;20180628
Lniska;pl;20180630
Gdynia;pl;20180701
Gdañsk;pl;20180701
Gdañsk;pl;20180701
Otomin;pl;20180703
Kielno;pl;20180704
Koleczkowo;pl;20180704
Bojano;pl;20180704
Kielno;pl;20180705
Kielno;pl;20180706
Koleczkowo;pl;20180706
Bojano;pl;20180706
Luzino;pl;20180707
Puck;pl;20180708
Osowa;pl;20180709
Gdañsk;pl;20180710
Rumia;pl;20180714
Mechelinki;pl;20180714
Rumia;pl;20180715
Reda;pl;20180715
Puck;pl;20180715
Matarnia;pl;20180720
Jantar;pl;20180721
Rumia;pl;20180722
Reda;pl;20180722
Puck;pl;20180722
W³adys³awowo;pl;20180722
Wejherowo;pl;20180726
Wierzchucino;pl;20180726
Pia¶nica;pl;20180726
Salino;pl;20180726
Lêbork;pl;20180726
Reda;pl;20180728
Krokowa;pl;20180728
Dêbki;pl;20180728
Mikoszewo;pl;20180729
Jantar;pl;20180729
